15,1,3.0
3,1,3.0
20,1,1.0
11,1,2.0
18,1,1.0
10,1,4.0
25,1,2.0
20,1,5.0
22,1,3.0
15,1,3.0
15,1,2.0
28,1,5.0
14,1,5.0
21,1,3.0
19,1,3.0
10,1,3.0
17,1,5.0
6,1,2.0
9,1,4.0
23,1,2.0
8,1,4.0
29,1,4.0
14,1,4.0
13,1,2.0
25,1,4.0
20,1,2.0
24,1,5.0
19,1,2.0
24,1,4.0
16,1,5.0
3,1,3.0
20,1,4.0
23,1,4.0
27,1,4.0
16,1,3.0
13,1,4.0
20,1,1.0
17,1,5.0
19,1,1.0
4,1,4.0
27,1,4.0
4,1,4.0
17,1,2.0
23,1,3.0
16,1,5.0
14,1,5.0
23,1,5.0
26,1,5.0
17,1,5.0
24,1,3.0
20,1,4.0
29,1,2.0
25,1,4.0
14,1,5.0
16,1,5.0
10,1,2.0
23,1,4.0
26,1,5.0
5,1,5.0
7,1,4.0
26,1,3.0
19,1,1.0
22,1,4.0
19,1,3.0
13,1,4.0
19,1,5.0
30,1,1.0
17,1,5.0
25,1,5.0
6,1,4.0
3,1,4.0
8,1,3.0
10,1,1.0
10,1,3.0
9,1,4.0
3,1,2.0
27,1,4.0
17,1,3.0
27,1,3.0
26,1,5.0
7,1,5.0
21,1,3.0
21,1,5.0
14,1,3.0
21,1,5.0
18,1,4.0
10,1,5.0
24,1,3.0
13,1,4.0
9,1,4.0
18,1,4.0
27,1,4.0
15,1,4.0
17,1,5.0
20,1,2.0
23,1,5.0
29,1,4.0
28,1,3.0
6,1,4.0
26,1,4.0
28,1,3.0
3,1,5.0
18,1,4.0
29,1,3.0
6,1,4.0
22,1,5.0
8,1,4.0
3,1,5.0
22,1,5.0
5,1,4.0
10,1,3.0
21,1,5.0
7,1,5.0
10,1,4.0
12,1,4.0
3,1,4.0
5,1,4.0
13,1,3.0
4,1,3.0
23,1,4.0
30,1,4.0
22,1,3.0
19,1,4.0
27,1,5.0
30,1,5.0
22,1,2.0
22,1,5.0
22,1,5.0
21,1,3.0
12,1,3.0
29,1,3.0
19,1,3.0
12,1,4.0
30,1,3.0
7,1,3.0
21,1,3.0
23,1,5.0
23,1,5.0
20,1,4.0
13,1,4.0
28,1,1.0
3,1,4.0
12,1,2.0
25,1,2.0
20,1,2.0
16,1,4.0
14,1,2.0
18,1,5.0
24,1,2.0
3,1,2.0
16,1,4.0
6,1,3.0
6,1,3.0
18,1,4.0
28,1,3.0
26,1,4.0
15,1,4.0
27,1,3.0
8,1,4.0
18,1,4.0
16,1,3.0
27,1,4.0
11,1,5.0
18,1,3.0
3,1,5.0
7,1,2.0
4,1,3.0
10,1,2.0
14,1,4.0
12,1,4.0
19,1,4.0
30,1,4.0
21,1,3.0
16,1,2.0
23,1,4.0
27,1,4.0
25,1,1.0
16,1,5.0
12,1,4.0
20,1,3.0
5,1,1.0
25,1,4.0
18,1,3.0
27,1,2.0
24,1,4.0
19,1,4.0
5,1,3.0
24,1,4.0
20,1,4.0
19,1,5.0
20,1,4.0
30,1,5.0
7,1,3.0
27,1,3.0
11,1,4.0
12,1,4.0
28,1,3.0
13,1,3.0
13,1,2.0
22,1,4.0
25,1,3.0
14,1,4.0
21,1,4.0
23,1,4.0
17,1,3.0
16,1,4.0
19,1,2.0
6,1,3.0
28,1,2.0
18,1,5.0
4,1,5.0
10,1,2.0
3,1,3.0
12,1,4.0
22,1,4.0
23,1,4.0
3,1,3.0
19,1,5.0
7,1,5.0
5,1,2.0
21,1,5.0
22,1,4.0
20,1,4.0
20,1,4.0
21,1,5.0
17,1,3.0
22,1,4.0
25,1,1.0
26,1,4.0
26,1,5.0
3,1,4.0
9,1,5.0
14,1,3.0
26,1,5.0
4,1,1.0
28,1,4.0
27,1,3.0
4,1,2.0
11,1,2.0
6,1,2.0
27,1,4.0
8,1,4.0
22,1,4.0
3,1,5.0
15,1,1.0
4,1,4.0
23,1,2.0
19,1,4.0
24,1,3.0
24,1,4.0
17,1,4.0
22,1,5.0
28,1,3.0
26,1,3.0
6,1,3.0
18,1,4.0
21,1,4.0
16,1,3.0
8,1,3.0
4,1,3.0
12,1,3.0
8,1,5.0
28,1,5.0
8,1,2.0
5,1,2.0
9,1,4.0
10,1,5.0
19,1,4.0
17,1,3.0
11,1,2.0
27,1,4.0
10,1,1.0
17,1,4.0
29,1,5.0
21,1,3.0
24,1,4.0
16,1,2.0
3,1,4.0
3,1,5.0
6,1,4.0
17,1,4.0
26,1,1.0
3,1,1.0
20,1,4.0
27,1,3.0
28,1,3.0
17,1,4.0
17,1,1.0
13,1,5.0
17,1,5.0
30,1,3.0
15,1,4.0
12,1,5.0
18,1,1.0
14,1,5.0
17,1,3.0
10,1,5.0
18,1,4.0
27,1,4.0
9,1,2.0
23,1,3.0
30,1,5.0
25,1,2.0
7,1,1.0
5,1,3.0
5,1,3.0
4,1,5.0
20,1,4.0
19,1,4.0
26,1,5.0
25,1,3.0
7,1,3.0
8,1,3.0
17,1,5.0
5,1,3.0
25,1,4.0
26,1,5.0
12,1,5.0
30,1,2.0
4,1,3.0
14,1,4.0
11,1,5.0
28,1,5.0
10,1,4.0
14,1,2.0
16,1,5.0
12,1,5.0
3,1,5.0
4,1,3.0
20,1,3.0
13,1,4.0
16,1,1.0
5,1,3.0
12,1,4.0
28,1,4.0
6,1,5.0
7,1,3.0
3,1,4.0
29,1,4.0
12,1,2.0
27,1,3.0
6,1,3.0
21,1,1.0
26,1,3.0
3,1,3.0
26,1,3.0
26,1,4.0
14,1,5.0
17,1,3.0
5,1,2.0
25,1,5.0
27,1,4.0
16,1,4.0
28,1,1.0
21,1,3.0
23,1,4.0
27,1,5.0
24,1,3.0
3,1,2.0
7,1,5.0
10,1,4.0
6,1,4.0
25,1,3.0
14,1,4.0
23,1,3.0
23,1,4.0
4,1,3.0
15,1,5.0
3,1,5.0
29,1,3.0
21,1,4.0
13,1,3.0
16,1,5.0
6,1,3.0
26,1,3.0
14,1,3.0
11,1,4.0
21,1,2.0
19,1,4.0
19,1,2.0
19,1,3.0
14,1,4.0
17,1,4.0
13,1,2.0
23,1,3.0
5,1,3.0
11,1,3.0
11,1,3.0
21,1,4.0
19,1,3.0
4,1,5.0
29,1,5.0
17,1,2.0
12,1,3.0
5,1,4.0
3,1,4.0
18,1,4.0
28,1,5.0
28,1,4.0
4,1,3.0
24,2,5.0
22,2,3.0
4,2,5.0
27,2,3.0
11,2,5.0
12,2,3.0
25,2,2.0
28,2,1.0
16,2,1.0
16,2,4.0
29,2,3.0
5,2,2.0
16,2,3.0
6,2,3.0
7,2,4.0
27,2,4.0
8,2,3.0
11,2,5.0
18,2,5.0
20,2,3.0
28,2,4.0
23,2,4.0
4,2,2.0
24,2,5.0
22,2,2.0
25,2,3.0
4,2,3.0
28,2,4.0
21,2,4.0
4,2,4.0
24,2,3.0
26,2,2.0
4,2,4.0
11,2,3.0
22,2,5.0
30,2,5.0
29,2,2.0
17,2,4.0
15,2,5.0
25,2,4.0
26,2,5.0
25,2,5.0
25,2,3.0
29,2,4.0
29,2,2.0
30,2,4.0
24,2,4.0
5,2,1.0
15,2,4.0
30,2,4.0
24,2,3.0
4,2,5.0
25,2,2.0
21,2,3.0
8,2,5.0
8,2,3.0
20,2,4.0
10,2,4.0
8,2,3.0
28,2,3.0
13,2,4.0
29,2,5.0
27,2,2.0
4,2,1.0
22,2,3.0
16,2,2.0
25,2,4.0
3,2,2.0
29,2,2.0
8,2,5.0
6,2,5.0
17,2,2.0
15,2,4.0
19,2,4.0
19,2,4.0
4,2,4.0
5,2,1.0
10,2,5.0
28,2,4.0
27,2,4.0
18,2,3.0
19,2,4.0
17,2,2.0
23,2,4.0
30,2,3.0
30,2,4.0
25,2,3.0
21,2,4.0
29,2,3.0
23,2,4.0
8,2,3.0
18,2,3.0
19,2,4.0
29,2,5.0
28,2,5.0
7,2,3.0
3,2,4.0
19,2,5.0
5,2,4.0
7,2,5.0
3,2,4.0
7,2,3.0
19,2,3.0
13,2,5.0
14,2,4.0
11,2,4.0
11,2,2.0
26,2,4.0
16,2,3.0
12,2,4.0
19,2,4.0
10,2,2.0
29,2,5.0
24,2,3.0
12,2,3.0
11,2,4.0
20,2,3.0
9,2,4.0
16,2,4.0
29,2,2.0
4,2,3.0
26,2,2.0
21,2,4.0
28,2,4.0
22,2,3.0
14,2,2.0
17,2,2.0
5,2,3.0
13,2,1.0
10,2,1.0
11,2,3.0
9,2,1.0
25,2,4.0
10,2,4.0
17,2,2.0
4,2,4.0
6,2,3.0
19,2,4.0
8,2,3.0
9,2,4.0
16,2,1.0
5,2,1.0
15,2,3.0
16,2,5.0
13,2,5.0
19,2,3.0
25,2,3.0
14,2,4.0
13,2,4.0
17,2,4.0
14,2,2.0
11,2,3.0
11,2,3.0
10,2,4.0
3,2,1.0
28,2,4.0
22,2,3.0
11,2,4.0
10,2,4.0
9,2,5.0
9,2,2.0
17,2,4.0
19,2,3.0
25,2,3.0
20,2,3.0
30,2,5.0
15,2,2.0
20,2,4.0
10,2,3.0
20,2,3.0
11,2,2.0
10,2,4.0
21,2,3.0
10,2,2.0
11,2,3.0
23,2,3.0
16,2,4.0
28,2,4.0
16,2,3.0
19,2,5.0
25,2,2.0
3,2,4.0
14,2,3.0
30,2,1.0
5,2,3.0
9,2,4.0
7,2,4.0
5,2,4.0
27,2,4.0
28,2,5.0
5,2,2.0
23,2,4.0
7,2,3.0
21,2,3.0
25,2,3.0
30,2,1.0
14,2,4.0
5,2,5.0
7,2,4.0
14,2,5.0
25,2,5.0
25,2,3.0
19,2,5.0
3,2,2.0
25,2,2.0
7,2,3.0
20,2,4.0
20,2,3.0
9,2,3.0
15,2,1.0
4,2,4.0
23,2,1.0
26,2,5.0
25,2,4.0
19,2,4.0
23,2,1.0
11,2,1.0
7,2,5.0
26,2,5.0
13,2,4.0
17,2,4.0
9,2,5.0
29,2,4.0
25,2,3.0
13,2,1.0
16,2,1.0
15,2,4.0
26,2,2.0
28,2,5.0
26,2,5.0
29,2,4.0
21,2,4.0
23,2,4.0
12,2,4.0
14,2,3.0
5,2,5.0
30,2,5.0
17,2,4.0
22,2,5.0
5,2,5.0
6,2,4.0
3,2,4.0
14,2,1.0
22,2,4.0
9,2,3.0
16,2,4.0
18,2,4.0
25,2,4.0
10,2,4.0
12,2,3.0
29,2,3.0
6,2,3.0
20,2,5.0
18,2,2.0
7,2,5.0
29,2,2.0
25,2,3.0
12,2,4.0
12,2,3.0
27,2,5.0
9,2,2.0
14,2,4.0
11,2,3.0
27,2,4.0
6,2,3.0
18,2,2.0
5,2,1.0
17,2,2.0
26,2,5.0
17,2,4.0
19,2,5.0
27,2,5.0
15,2,4.0
23,2,1.0
16,2,3.0
15,2,4.0
22,2,4.0
30,2,5.0
16,2,4.0
23,2,2.0
6,2,5.0
4,2,4.0
8,2,5.0
4,2,4.0
8,2,5.0
23,2,4.0
8,2,4.0
27,2,5.0
4,2,3.0
8,2,4.0
9,2,3.0
30,2,4.0
8,2,5.0
5,2,4.0
7,2,4.0
19,2,5.0
16,2,5.0
24,2,4.0
15,2,4.0
12,2,4.0
21,2,4.0
3,2,2.0
7,2,4.0
9,2,5.0
28,2,3.0
6,2,4.0
22,2,4.0
8,2,3.0
6,2,3.0
27,2,4.0
7,2,3.0
10,2,4.0
23,2,5.0
23,2,2.0
30,2,5.0
7,2,3.0
9,2,4.0
27,2,4.0
9,2,5.0
4,2,5.0
28,2,4.0
25,2,3.0
30,2,2.0
13,2,5.0
7,2,5.0
24,2,3.0
28,2,4.0
20,2,3.0
5,2,2.0
22,2,3.0
12,2,2.0
23,2,4.0
10,2,4.0
3,2,4.0
6,2,4.0
16,2,3.0
30,2,5.0
29,2,2.0
23,2,3.0
16,2,3.0
27,2,5.0
9,2,5.0
4,2,3.0
5,2,4.0
20,2,5.0
27,2,4.0
28,2,5.0
14,2,3.0
28,2,3.0
14,2,1.0
4,2,4.0
6,2,4.0
18,2,1.0
4,2,2.0
24,2,3.0
10,2,4.0
21,2,5.0
12,2,3.0
9,2,3.0
6,2,3.0
24,2,3.0
29,2,5.0
14,2,3.0
29,2,4.0
28,2,5.0
27,2,5.0
18,2,4.0
17,2,3.0
16,2,4.0
10,2,3.0
13,2,3.0
21,2,5.0
6,2,5.0
15,2,5.0
26,2,5.0
18,2,5.0
28,2,2.0
28,2,1.0
23,2,4.0
10,2,4.0
4,2,2.0
26,2,5.0
3,2,2.0
25,2,4.0
16,2,1.0
9,2,4.0
29,2,3.0
24,2,1.0
27,2,4.0
17,2,4.0
20,2,4.0
17,2,3.0
6,2,1.0
20,2,5.0
9,2,3.0
15,2,5.0
7,2,5.0
10,2,1.0
24,2,5.0
18,2,4.0
3,3,3.0
3,3,3.0
15,3,4.0
11,3,4.0
6,3,5.0
4,3,1.0
4,3,4.0
17,3,4.0
7,3,2.0
25,3,4.0
14,3,4.0
25,3,2.0
26,3,5.0
23,3,1.0
7,3,1.0
25,3,4.0
11,3,4.0
23,3,2.0
29,3,5.0
11,3,4.0
27,3,4.0
28,3,5.0
6,3,2.0
26,3,3.0
29,3,4.0
12,3,5.0
26,3,5.0
28,3,3.0
17,3,2.0
12,3,4.0
26,3,4.0
17,3,3.0
21,3,5.0
12,3,4.0
11,3,4.0
14,3,3.0
23,3,1.0
10,3,4.0
23,3,3.0
22,3,4.0
9,3,3.0
23,3,5.0
14,3,5.0
6,3,5.0
13,3,3.0
23,3,4.0
17,3,4.0
8,3,3.0
5,3,5.0
12,3,5.0
4,3,5.0
13,3,4.0
9,3,5.0
6,3,4.0
16,3,3.0
22,3,4.0
13,3,4.0
19,3,4.0
5,3,5.0
26,3,5.0
30,3,3.0
7,3,5.0
10,3,3.0
24,3,1.0
26,3,2.0
29,3,5.0
17,3,4.0
27,3,1.0
13,3,4.0
17,3,3.0
10,3,5.0
9,3,3.0
21,3,4.0
9,3,3.0
11,3,1.0
7,3,2.0
5,3,3.0
13,3,2.0
27,3,4.0
18,3,3.0
30,3,1.0
3,3,4.0
9,3,5.0
16,3,4.0
22,3,5.0
19,3,4.0
16,3,3.0
7,3,5.0
8,3,5.0
9,3,4.0
20,3,2.0
15,3,5.0
18,3,4.0
26,3,4.0
27,3,2.0
11,3,5.0
25,3,3.0
9,3,5.0
10,3,5.0
14,3,3.0
26,3,2.0
28,3,3.0
17,3,5.0
7,3,5.0
10,3,3.0
23,3,2.0
17,3,4.0
3,3,1.0
24,3,4.0
3,3,3.0
20,3,3.0
17,3,1.0
11,3,3.0
10,3,4.0
29,3,3.0
15,3,5.0
9,3,3.0
17,3,1.0
12,3,4.0
12,3,4.0
9,3,4.0
28,3,4.0
19,3,1.0
28,3,5.0
24,3,5.0
6,3,4.0
27,3,4.0
10,3,3.0
27,3,5.0
12,3,2.0
8,3,3.0
20,3,2.0
14,3,4.0
3,3,2.0
29,3,2.0
18,3,5.0
14,3,5.0
24,3,3.0
8,3,3.0
16,3,3.0
9,3,4.0
24,3,4.0
30,3,3.0
25,3,2.0
9,3,4.0
26,3,4.0
3,3,5.0
30,3,3.0
15,3,5.0
29,3,3.0
22,3,4.0
4,3,5.0
6,3,4.0
7,3,3.0
5,3,3.0
25,3,3.0
16,3,4.0
20,3,4.0
4,3,4.0
9,3,5.0
10,3,3.0
9,3,5.0
28,3,5.0
10,3,4.0
25,3,4.0
9,3,1.0
30,3,3.0
22,3,2.0
23,3,3.0
23,3,5.0
22,3,5.0
17,3,4.0
30,3,3.0
11,3,1.0
14,3,1.0
28,3,4.0
3,3,4.0
27,3,5.0
5,3,3.0
5,3,4.0
15,3,4.0
17,3,3.0
4,3,3.0
30,3,1.0
17,3,2.0
13,3,4.0
3,3,1.0
3,3,3.0
28,3,4.0
6,3,3.0
16,3,4.0
4,3,2.0
23,3,3.0
7,3,3.0
17,3,4.0
5,3,3.0
11,3,5.0
28,3,3.0
24,3,4.0
8,3,2.0
22,3,3.0
21,3,3.0
18,3,5.0
14,3,3.0
15,3,4.0
28,3,5.0
17,3,5.0
13,3,3.0
27,3,2.0
29,3,5.0
30,3,3.0
22,3,5.0
29,3,4.0
13,3,4.0
13,3,1.0
27,3,5.0
12,3,3.0
27,3,5.0
12,3,5.0
19,3,5.0
22,3,4.0
24,3,2.0
12,3,3.0
30,3,2.0
6,3,4.0
10,3,4.0
16,3,3.0
8,3,4.0
30,3,1.0
28,3,4.0
30,3,4.0
23,3,4.0
5,3,5.0
7,3,4.0
3,3,2.0
26,3,4.0
26,3,2.0
16,3,4.0
27,3,4.0
14,3,3.0
11,3,1.0
4,3,5.0
13,3,3.0
25,3,3.0
17,3,3.0
14,3,2.0
10,3,3.0
14,3,3.0
7,3,3.0
8,3,1.0
4,3,5.0
24,3,2.0
6,3,5.0
23,3,4.0
10,3,4.0
9,3,4.0
18,3,4.0
22,3,1.0
13,3,4.0
30,3,4.0
16,3,3.0
24,3,4.0
21,3,3.0
24,3,4.0
22,3,5.0
4,3,2.0
10,3,5.0
5,3,5.0
11,3,4.0
26,3,4.0
11,3,4.0
18,3,4.0
4,3,3.0
6,3,2.0
29,3,4.0
26,3,4.0
19,3,2.0
19,3,3.0
4,3,4.0
20,3,3.0
26,3,4.0
17,3,5.0
24,3,1.0
7,3,4.0
23,3,4.0
12,3,4.0
12,3,4.0
15,3,3.0
8,3,4.0
15,3,2.0
25,3,5.0
19,3,4.0
11,3,4.0
13,3,3.0
4,3,1.0
18,3,3.0
13,3,5.0
10,3,2.0
22,3,5.0
4,3,5.0
29,3,5.0
10,3,3.0
21,3,1.0
8,3,3.0
17,3,3.0
30,3,3.0
8,3,2.0
9,3,5.0
21,3,3.0
24,3,5.0
5,3,5.0
11,3,4.0
6,3,1.0
16,3,4.0
22,3,5.0
3,3,5.0
30,3,2.0
15,3,5.0
15,3,2.0
3,3,4.0
7,3,4.0
22,3,5.0
16,3,3.0
18,3,4.0
29,3,4.0
16,3,3.0
18,3,4.0
15,3,3.0
11,3,1.0
30,3,4.0
15,3,1.0
15,3,5.0
9,3,3.0
6,3,4.0
25,3,3.0
28,3,4.0
7,3,4.0
22,3,4.0
20,3,3.0
15,3,3.0
4,3,5.0
6,3,4.0
30,3,4.0
28,3,2.0
17,3,1.0
19,3,4.0
27,3,1.0
13,3,3.0
21,3,2.0
18,3,4.0
12,3,4.0
20,3,4.0
22,3,3.0
29,3,3.0
27,3,3.0
29,3,4.0
8,3,1.0
7,3,2.0
14,3,3.0
10,3,2.0
25,3,4.0
21,3,2.0
8,3,4.0
24,3,4.0
26,3,4.0
15,3,2.0
26,3,2.0
10,3,4.0
5,3,4.0
12,3,4.0
13,3,4.0
27,3,5.0
29,3,4.0
28,3,4.0
9,3,3.0
23,3,4.0
22,3,4.0
7,3,3.0
5,3,1.0
11,3,4.0
5,3,4.0
8,3,4.0
11,3,1.0
12,3,4.0
9,3,3.0
21,3,3.0
7,3,3.0
27,3,5.0
10,3,1.0
23,3,1.0
30,3,3.0
16,3,5.0
4,3,5.0
19,3,4.0
17,3,4.0
19,3,5.0
24,3,3.0
30,3,4.0
24,3,4.0
8,3,2.0
3,4,5.0
24,4,5.0
26,4,5.0
30,4,5.0
21,4,2.0
16,4,5.0
4,4,3.0
25,4,5.0
3,4,3.0
19,4,2.0
15,4,4.0
24,4,3.0
25,4,4.0
26,4,3.0
13,4,3.0
18,4,1.0
13,4,4.0
12,4,4.0
9,4,5.0
23,4,3.0
12,4,5.0
20,4,4.0
12,4,4.0
9,4,3.0
13,4,5.0
13,4,4.0
3,4,4.0
29,4,3.0
15,4,4.0
23,4,4.0
29,4,4.0
6,4,5.0
22,4,3.0
30,4,3.0
17,4,4.0
12,4,4.0
10,4,4.0
16,4,5.0
17,4,5.0
18,4,4.0
17,4,1.0
17,4,3.0
24,4,4.0
30,4,3.0
13,4,5.0
15,4,2.0
20,4,5.0
30,4,4.0
28,4,3.0
24,4,2.0
4,4,3.0
15,4,1.0
24,4,5.0
18,4,1.0
14,4,4.0
21,4,5.0
14,4,5.0
28,4,1.0
4,4,3.0
30,4,4.0
16,4,4.0
29,4,4.0
30,4,4.0
29,4,3.0
11,4,5.0
6,4,1.0
10,4,5.0
3,4,4.0
5,4,4.0
17,4,4.0
19,4,3.0
22,4,1.0
11,4,4.0
9,4,4.0
28,4,5.0
9,4,5.0
29,4,5.0
7,4,4.0
11,4,4.0
25,4,4.0
12,4,3.0
18,4,5.0
15,4,5.0
19,4,1.0
5,4,3.0
3,4,5.0
4,4,3.0
20,4,4.0
17,4,5.0
17,4,5.0
26,4,3.0
25,4,5.0
11,4,5.0
7,4,4.0
26,4,3.0
5,4,4.0
22,4,4.0
17,4,2.0
30,4,2.0
5,4,4.0
7,4,1.0
14,4,4.0
9,4,3.0
21,4,5.0
24,4,4.0
4,4,5.0
10,4,2.0
14,4,3.0
20,4,3.0
4,4,3.0
22,4,3.0
4,4,4.0
26,4,1.0
28,4,4.0
28,4,5.0
10,4,3.0
3,4,5.0
14,4,5.0
23,4,5.0
3,4,3.0
16,4,4.0
14,4,3.0
7,4,3.0
25,4,2.0
25,4,3.0
23,4,5.0
27,4,3.0
23,4,2.0
17,4,2.0
16,4,5.0
28,4,3.0
12,4,4.0
25,4,2.0
27,4,4.0
26,4,5.0
3,4,5.0
12,4,5.0
26,4,3.0
30,4,5.0
11,4,4.0
25,4,5.0
30,4,5.0
18,4,3.0
17,4,1.0
24,4,3.0
24,4,4.0
15,4,1.0
12,4,3.0
24,4,3.0
14,4,5.0
27,4,4.0
26,4,2.0
10,4,5.0
15,4,3.0
23,4,5.0
20,4,4.0
29,4,2.0
15,4,3.0
14,4,3.0
27,4,3.0
3,4,1.0
23,4,4.0
3,4,4.0
14,4,1.0
30,4,4.0
23,4,3.0
17,4,5.0
8,4,4.0
29,4,5.0
13,4,2.0
4,4,3.0
11,4,3.0
27,4,3.0
4,4,2.0
14,4,3.0
25,4,3.0
20,4,4.0
19,4,3.0
6,4,4.0
13,4,3.0
18,4,4.0
22,4,4.0
11,4,5.0
23,4,4.0
25,4,4.0
25,4,5.0
20,4,1.0
8,4,4.0
27,4,5.0
29,4,4.0
27,4,5.0
24,4,4.0
23,4,5.0
6,4,2.0
5,4,3.0
5,4,3.0
19,4,5.0
11,4,5.0
20,4,2.0
24,4,5.0
5,4,5.0
12,4,3.0
12,4,1.0
29,4,4.0
7,4,4.0
12,4,3.0
24,4,4.0
9,4,5.0
17,4,2.0
15,4,3.0
24,4,3.0
9,4,3.0
22,4,2.0
6,4,5.0
24,4,1.0
8,4,4.0
21,4,4.0
10,4,5.0
27,4,3.0
18,4,5.0
27,4,3.0
26,4,4.0
20,4,3.0
13,4,5.0
25,4,3.0
12,4,5.0
6,4,5.0
13,4,3.0
8,4,4.0
10,4,3.0
3,4,5.0
11,4,1.0
22,4,3.0
13,4,5.0
27,4,3.0
27,4,5.0
30,4,4.0
23,4,1.0
5,4,3.0
19,4,4.0
25,4,5.0
23,4,4.0
21,4,4.0
19,4,4.0
8,4,3.0
27,4,1.0
3,4,3.0
7,4,3.0
26,4,1.0
19,4,5.0
11,4,1.0
28,4,5.0
20,4,4.0
23,4,4.0
21,4,5.0
10,4,3.0
9,4,4.0
30,4,5.0
15,4,4.0
16,4,2.0
18,4,3.0
25,4,2.0
26,4,5.0
14,4,3.0
17,4,5.0
3,4,3.0
28,4,2.0
24,4,4.0
15,4,3.0
14,4,4.0
12,4,3.0
13,4,5.0
28,4,3.0
16,4,4.0
16,4,3.0
27,4,1.0
26,4,4.0
17,4,1.0
16,4,4.0
30,4,4.0
18,4,5.0
20,4,4.0
3,4,3.0
17,4,4.0
13,4,5.0
14,4,5.0
16,4,4.0
13,4,2.0
24,4,4.0
13,4,1.0
7,4,5.0
6,4,3.0
22,4,4.0
19,4,4.0
21,4,4.0
4,4,5.0
27,4,4.0
7,4,1.0
14,4,5.0
6,4,1.0
25,4,5.0
17,4,4.0
6,4,1.0
29,4,3.0
24,4,5.0
29,4,3.0
14,4,2.0
30,4,3.0
26,4,3.0
6,4,5.0
6,4,3.0
16,4,5.0
20,4,5.0
11,4,2.0
13,4,4.0
23,4,5.0
30,4,5.0
12,4,5.0
14,4,5.0
24,4,3.0
5,4,3.0
22,4,2.0
24,4,2.0
29,4,5.0
15,4,5.0
22,4,4.0
13,4,3.0
24,4,3.0
20,4,4.0
22,4,3.0
25,4,4.0
12,4,5.0
26,4,5.0
6,4,4.0
29,4,3.0
14,4,4.0
26,4,4.0
10,4,5.0
21,4,5.0
29,4,5.0
11,4,4.0
14,4,4.0
27,4,5.0
18,4,3.0
30,4,2.0
7,4,2.0
29,4,4.0
22,4,5.0
3,4,2.0
12,4,4.0
16,4,2.0
28,4,4.0
14,4,1.0
4,4,1.0
12,4,4.0
16,4,5.0
11,4,5.0
10,4,5.0
23,4,3.0
8,4,4.0
18,4,4.0
25,4,3.0
4,4,4.0
23,4,5.0
8,4,5.0
30,4,5.0
30,4,4.0
28,4,5.0
6,4,3.0
24,4,4.0
21,4,4.0
26,4,4.0
20,4,3.0
27,4,4.0
17,4,5.0
5,4,4.0
18,4,5.0
22,4,3.0
7,4,4.0
17,4,3.0
9,4,5.0
9,4,4.0
26,4,4.0
18,4,4.0
20,4,3.0
26,4,3.0
28,4,2.0
11,4,2.0
7,4,3.0
18,4,4.0
21,4,3.0
24,4,5.0
19,4,4.0
13,4,3.0
23,4,3.0
13,4,1.0
26,4,4.0
16,4,3.0
18,4,4.0
18,4,3.0
12,5,4.0
9,5,3.0
9,5,4.0
26,5,3.0
23,5,5.0
7,5,4.0
26,5,5.0
30,5,5.0
24,5,1.0
21,5,3.0
11,5,3.0
15,5,1.0
14,5,3.0
30,5,4.0
10,5,2.0
19,5,4.0
4,5,3.0
18,5,4.0
11,5,3.0
20,5,5.0
5,5,3.0
27,5,5.0
18,5,4.0
10,5,3.0
3,5,5.0
18,5,4.0
19,5,4.0
8,5,4.0
23,5,2.0
11,5,5.0
15,5,5.0
29,5,4.0
19,5,4.0
18,5,4.0
29,5,3.0
5,5,5.0
29,5,4.0
12,5,1.0
28,5,4.0
4,5,1.0
25,5,2.0
21,5,5.0
8,5,5.0
17,5,4.0
22,5,3.0
19,5,3.0
16,5,3.0
9,5,3.0
5,5,3.0
4,5,3.0
13,5,4.0
5,5,2.0
28,5,4.0
22,5,4.0
4,5,4.0
22,5,3.0
14,5,4.0
21,5,5.0
10,5,2.0
4,5,3.0
14,5,1.0
6,5,4.0
29,5,3.0
14,5,4.0
3,5,5.0
30,5,3.0
12,5,3.0
30,5,2.0
26,5,3.0
21,5,3.0
6,5,3.0
28,5,5.0
21,5,4.0
7,5,3.0
4,5,3.0
9,5,4.0
24,5,5.0
20,5,3.0
12,5,5.0
5,5,5.0
3,5,2.0
16,5,5.0
20,5,1.0
22,5,1.0
5,5,4.0
10,5,3.0
5,5,3.0
15,5,3.0
26,5,4.0
10,5,3.0
12,5,4.0
12,5,3.0
25,5,5.0
28,5,2.0
12,5,4.0
30,5,5.0
13,5,4.0
4,5,4.0
16,5,5.0
28,5,2.0
29,5,2.0
27,5,5.0
18,5,4.0
25,5,5.0
20,5,4.0
9,5,5.0
4,5,4.0
9,5,2.0
26,5,4.0
6,5,3.0
9,5,5.0
18,5,2.0
21,5,3.0
24,5,4.0
8,5,4.0
29,5,4.0
8,5,4.0
25,5,2.0
3,5,3.0
28,5,3.0
22,5,4.0
20,5,5.0
20,5,4.0
30,5,2.0
8,5,3.0
12,5,4.0
19,5,5.0
28,5,3.0
22,5,5.0
20,5,1.0
27,5,4.0
6,5,1.0
7,5,3.0
17,5,4.0
25,5,4.0
13,5,4.0
22,5,4.0
18,5,5.0
6,5,4.0
22,5,3.0
12,5,2.0
14,5,3.0
5,5,3.0
28,5,2.0
20,5,2.0
16,5,3.0
20,5,5.0
25,5,4.0
13,5,4.0
10,5,3.0
30,5,3.0
8,5,5.0
7,5,3.0
9,5,3.0
10,5,5.0
30,5,5.0
6,5,3.0
21,5,5.0
17,5,4.0
17,5,4.0
14,5,1.0
30,5,3.0
22,5,3.0
5,5,3.0
13,5,3.0
17,5,2.0
4,5,4.0
10,5,5.0
19,5,5.0
23,5,3.0
5,5,2.0
8,5,3.0
8,5,3.0
15,5,5.0
24,5,4.0
20,5,3.0
16,5,5.0
19,5,4.0
30,5,5.0
20,5,3.0
19,5,3.0
22,5,5.0
19,5,5.0
8,5,4.0
9,5,3.0
10,5,2.0
24,5,5.0
8,5,4.0
16,5,5.0
22,5,5.0
7,5,3.0
3,5,4.0
12,5,2.0
3,5,3.0
9,5,2.0
22,5,5.0
25,5,4.0
16,5,2.0
18,5,3.0
4,5,1.0
12,5,3.0
20,5,4.0
6,5,4.0
26,5,4.0
29,5,3.0
8,5,4.0
9,5,5.0
10,5,4.0
15,5,2.0
29,5,4.0
21,5,3.0
22,5,3.0
4,5,3.0
9,5,2.0
26,5,5.0
12,5,4.0
10,5,5.0
24,5,4.0
9,5,4.0
27,5,4.0
15,5,1.0
18,5,5.0
28,5,3.0
15,5,3.0
4,5,2.0
25,5,5.0
20,5,4.0
3,5,2.0
23,5,2.0
17,5,3.0
14,5,2.0
25,5,3.0
28,5,5.0
30,5,5.0
25,5,3.0
17,5,4.0
30,5,2.0
27,5,3.0
15,5,4.0
10,5,4.0
10,5,3.0
26,5,4.0
15,5,4.0
10,5,5.0
28,5,4.0
3,5,4.0
14,5,3.0
6,5,3.0
15,5,1.0
22,5,2.0
17,5,5.0
27,5,4.0
6,5,1.0
23,5,4.0
8,5,3.0
11,5,2.0
9,5,4.0
6,5,2.0
24,5,2.0
15,5,4.0
18,5,4.0
12,5,4.0
23,5,4.0
19,5,4.0
15,5,5.0
20,5,3.0
30,5,5.0
7,5,4.0
19,5,3.0
19,5,4.0
21,5,5.0
26,5,3.0
26,5,4.0
18,5,4.0
17,5,3.0
27,5,5.0
21,5,4.0
4,5,3.0
12,5,3.0
18,5,4.0
18,5,5.0
7,5,4.0
14,5,5.0
13,5,4.0
16,5,3.0
12,5,4.0
19,5,4.0
20,5,4.0
18,5,3.0
24,5,2.0
26,5,4.0
28,5,3.0
18,5,5.0
5,5,4.0
9,5,4.0
3,5,3.0
7,5,5.0
6,5,3.0
18,5,2.0
30,5,4.0
9,5,5.0
4,5,3.0
9,5,1.0
24,5,3.0
25,5,5.0
3,5,3.0
9,5,5.0
25,5,5.0
27,5,4.0
30,5,5.0
23,5,2.0
20,5,5.0
29,5,4.0
3,5,5.0
20,5,3.0
30,5,4.0
15,5,3.0
29,5,5.0
19,5,4.0
12,5,3.0
11,5,4.0
30,5,2.0
21,5,3.0
10,5,4.0
29,5,3.0
27,5,4.0
24,5,4.0
22,5,2.0
17,5,3.0
17,5,5.0
29,5,4.0
30,5,4.0
13,5,1.0
5,5,4.0
11,5,5.0
11,5,3.0
23,5,4.0
24,5,4.0
26,5,2.0
5,5,4.0
18,5,3.0
7,5,4.0
27,5,4.0
25,5,3.0
26,5,5.0
3,5,5.0
20,5,3.0
26,5,5.0
19,5,5.0
26,5,5.0
25,5,5.0
24,5,5.0
15,5,3.0
7,5,4.0
25,5,1.0
13,5,3.0
17,5,5.0
22,5,1.0
23,5,5.0
24,5,3.0
24,5,3.0
21,5,2.0
7,5,4.0
4,5,3.0
10,5,2.0
14,5,4.0
25,5,4.0
8,5,4.0
25,5,3.0
22,5,4.0
25,5,4.0
13,5,2.0
8,5,5.0
5,5,3.0
23,5,4.0
22,5,3.0
19,5,1.0
10,5,1.0
16,5,3.0
17,5,5.0
18,5,5.0
18,5,3.0
18,5,3.0
27,5,5.0
26,5,4.0
7,5,4.0
25,5,1.0
6,5,3.0
7,5,2.0
24,5,4.0
29,5,4.0
6,5,1.0
10,5,3.0
29,5,4.0
24,5,3.0
28,5,5.0
6,5,5.0
15,5,2.0
15,5,4.0
11,5,5.0
28,6,3.0
20,6,4.0
7,6,1.0
23,6,4.0
19,6,5.0
3,6,3.0
30,6,3.0
27,6,5.0
9,6,4.0
7,6,4.0
14,6,5.0
5,6,3.0
13,6,4.0
23,6,5.0
9,6,2.0
26,6,3.0
17,6,3.0
8,6,4.0
5,6,4.0
29,6,5.0
20,6,4.0
9,6,4.0
12,6,4.0
16,6,3.0
14,6,4.0
16,6,3.0
6,6,5.0
18,6,3.0
6,6,4.0
18,6,3.0
20,6,5.0
22,6,3.0
19,6,5.0
10,6,2.0
14,6,5.0
24,6,4.0
8,6,3.0
17,6,5.0
11,6,5.0
7,6,4.0
7,6,5.0
28,6,5.0
30,6,5.0
22,6,3.0
27,6,4.0
3,6,5.0
12,6,5.0
29,6,3.0
29,6,5.0
15,6,3.0
11,6,1.0
17,6,5.0
12,6,4.0
23,6,5.0
26,6,5.0
25,6,3.0
6,6,2.0
6,6,1.0
25,6,1.0
21,6,4.0
3,6,4.0
14,6,4.0
27,6,3.0
28,6,4.0
16,6,5.0
10,6,1.0
5,6,2.0
9,6,3.0
20,6,4.0
30,6,2.0
30,6,4.0
5,6,1.0
3,6,4.0
5,6,4.0
22,6,5.0
3,6,1.0
20,6,4.0
18,6,4.0
10,6,2.0
12,6,5.0
13,6,4.0
13,6,5.0
15,6,4.0
28,6,2.0
15,6,4.0
13,6,1.0
23,6,3.0
16,6,5.0
14,6,4.0
6,6,3.0
7,6,5.0
27,6,1.0
26,6,3.0
6,6,5.0
26,6,4.0
17,6,3.0
17,6,2.0
9,6,4.0
11,6,3.0
10,6,1.0
18,6,3.0
15,6,4.0
17,6,5.0
14,6,5.0
30,6,3.0
11,6,3.0
9,6,3.0
13,6,4.0
4,6,5.0
29,6,4.0
7,6,5.0
26,6,4.0
3,6,1.0
8,6,1.0
7,6,3.0
18,6,3.0
23,6,4.0
11,6,3.0
12,6,5.0
5,6,5.0
3,6,4.0
4,6,4.0
4,6,4.0
4,6,2.0
10,6,4.0
29,6,4.0
25,6,4.0
11,6,2.0
26,6,2.0
15,6,4.0
19,6,4.0
14,6,5.0
20,6,3.0
7,6,4.0
7,6,4.0
18,6,5.0
24,6,3.0
10,6,5.0
20,6,4.0
8,6,5.0
12,6,3.0
26,6,1.0
19,6,3.0
25,6,4.0
12,6,4.0
26,6,4.0
6,6,3.0
25,6,4.0
10,6,2.0
18,6,3.0
22,6,2.0
8,6,3.0
13,6,3.0
26,6,4.0
4,6,4.0
15,6,4.0
21,6,4.0
14,6,3.0
15,6,3.0
27,6,5.0
7,6,4.0
15,6,3.0
16,6,5.0
3,6,5.0
27,6,4.0
30,6,3.0
24,6,2.0
3,6,3.0
25,6,4.0
18,6,4.0
24,6,5.0
29,6,4.0
12,6,5.0
16,6,5.0
5,6,3.0
16,6,4.0
9,6,1.0
22,6,3.0
9,6,2.0
21,6,4.0
11,6,1.0
28,6,1.0
29,6,4.0
5,6,5.0
21,6,4.0
16,6,4.0
29,6,3.0
17,6,4.0
18,6,5.0
13,6,4.0
27,6,5.0
11,6,4.0
30,6,1.0
17,6,4.0
3,6,1.0
23,6,3.0
29,6,3.0
12,6,4.0
12,6,3.0
9,6,4.0
25,6,4.0
19,6,3.0
25,6,5.0
22,6,3.0
15,6,5.0
23,6,1.0
16,6,5.0
22,6,1.0
25,6,5.0
10,6,4.0
6,6,1.0
16,6,5.0
26,6,3.0
12,6,2.0
13,6,3.0
15,6,3.0
24,6,4.0
9,6,5.0
27,6,4.0
25,6,3.0
5,6,3.0
25,6,3.0
14,6,3.0
16,6,4.0
22,6,4.0
25,6,2.0
9,6,2.0
17,6,4.0
16,6,1.0
7,6,4.0
3,6,4.0
26,6,5.0
10,6,5.0
19,6,5.0
16,6,4.0
15,6,2.0
4,6,5.0
10,6,2.0
17,6,3.0
7,6,3.0
20,6,3.0
24,6,1.0
29,6,4.0
26,6,3.0
27,6,3.0
22,6,5.0
5,6,2.0
27,6,3.0
3,6,3.0
3,6,4.0
18,6,3.0
6,6,3.0
25,6,4.0
25,6,4.0
22,6,5.0
14,6,3.0
27,6,2.0
9,6,4.0
22,6,4.0
6,6,1.0
19,6,1.0
9,6,3.0
4,6,2.0
18,6,3.0
26,6,4.0
17,6,5.0
17,6,3.0
22,6,2.0
12,6,5.0
26,6,4.0
27,6,4.0
14,6,4.0
22,6,5.0
26,6,3.0
15,6,5.0
28,6,4.0
18,6,5.0
24,6,5.0
16,6,4.0
27,6,5.0
27,6,4.0
29,6,4.0
7,6,3.0
18,6,5.0
17,6,5.0
21,6,2.0
6,6,4.0
12,6,3.0
18,6,4.0
30,6,1.0
25,6,4.0
13,6,4.0
14,6,3.0
25,6,4.0
10,6,1.0
22,6,4.0
26,6,3.0
27,6,5.0
13,6,5.0
27,6,5.0
3,6,3.0
28,6,3.0
11,6,2.0
24,6,3.0
18,6,2.0
17,6,1.0
5,6,3.0
17,6,5.0
18,6,5.0
10,6,4.0
10,6,4.0
16,6,2.0
14,6,3.0
18,6,4.0
9,6,4.0
19,6,3.0
9,6,3.0
29,6,2.0
29,6,2.0
15,6,4.0
25,6,3.0
14,6,4.0
6,6,4.0
4,6,2.0
4,6,2.0
30,6,5.0
12,6,3.0
23,6,3.0
8,6,5.0
23,6,3.0
14,6,5.0
30,6,2.0
21,6,3.0
14,6,5.0
6,6,5.0
22,6,4.0
30,6,2.0
20,6,3.0
9,6,3.0
25,6,5.0
28,6,4.0
9,6,5.0
5,6,3.0
22,6,2.0
27,6,5.0
8,6,2.0
28,6,3.0
9,6,3.0
27,6,4.0
20,6,3.0
4,6,4.0
22,6,5.0
12,6,2.0
23,6,4.0
14,6,5.0
21,6,4.0
18,6,2.0
12,6,3.0
22,6,3.0
25,6,4.0
24,6,3.0
23,6,3.0
21,6,4.0
4,6,4.0
21,6,3.0
27,6,5.0
19,6,5.0
29,6,3.0
13,6,2.0
13,6,3.0
7,6,5.0
20,6,4.0
17,6,4.0
7,6,4.0
7,6,5.0
9,6,5.0
20,6,4.0
18,6,4.0
20,6,4.0
7,6,2.0
7,6,4.0
9,6,3.0
17,6,4.0
17,6,1.0
8,6,3.0
20,6,1.0
22,6,3.0
15,6,4.0
14,6,3.0
6,6,3.0
24,6,5.0
27,6,2.0
5,6,4.0
5,6,5.0
29,6,4.0
6,6,2.0
25,6,3.0
26,6,3.0
4,6,3.0
16,6,5.0
13,7,5.0
23,7,3.0
23,7,3.0
7,7,1.0
4,7,4.0
30,7,5.0
28,7,5.0
6,7,4.0
10,7,5.0
14,7,3.0
19,7,5.0
9,7,1.0
23,7,2.0
30,7,5.0
7,7,5.0
19,7,5.0
3,7,4.0
5,7,3.0
22,7,3.0
29,7,2.0
18,7,3.0
11,7,3.0
13,7,4.0
27,7,5.0
9,7,4.0
19,7,4.0
30,7,5.0
21,7,3.0
4,7,5.0
12,7,4.0
10,7,4.0
17,7,4.0
27,7,3.0
24,7,3.0
13,7,4.0
30,7,5.0
30,7,3.0
7,7,5.0
22,7,5.0
18,7,5.0
23,7,4.0
16,7,4.0
17,7,4.0
4,7,3.0
5,7,3.0
16,7,5.0
23,7,4.0
14,7,4.0
15,7,5.0
13,7,4.0
15,7,4.0
25,7,4.0
13,7,4.0
26,7,4.0
20,7,4.0
3,7,4.0
4,7,4.0
25,7,3.0
27,7,3.0
4,7,4.0
30,7,1.0
25,7,1.0
18,7,3.0
17,7,2.0
26,7,2.0
22,7,2.0
4,7,2.0
17,7,4.0
22,7,4.0
30,7,3.0
7,7,3.0
4,7,1.0
5,7,3.0
21,7,1.0
16,7,5.0
16,7,3.0
23,7,3.0
29,7,3.0
26,7,4.0
25,7,5.0
21,7,5.0
13,7,4.0
27,7,4.0
7,7,1.0
21,7,3.0
3,7,4.0
10,7,3.0
22,7,5.0
14,7,4.0
5,7,5.0
14,7,2.0
22,7,4.0
13,7,4.0
3,7,4.0
30,7,5.0
3,7,2.0
9,7,5.0
23,7,3.0
9,7,4.0
3,7,3.0
22,7,4.0
9,7,3.0
10,7,4.0
10,7,2.0
9,7,2.0
11,7,5.0
22,7,5.0
16,7,4.0
4,7,4.0
22,7,3.0
3,7,5.0
5,7,5.0
11,7,4.0
22,7,5.0
21,7,3.0
23,7,4.0
27,7,5.0
8,7,5.0
20,7,5.0
13,7,2.0
15,7,4.0
29,7,5.0
4,7,5.0
16,7,3.0
29,7,5.0
10,7,1.0
25,7,4.0
14,7,5.0
24,7,2.0
24,7,2.0
22,7,4.0
4,7,4.0
11,7,4.0
30,7,4.0
25,7,3.0
11,7,3.0
24,7,2.0
14,7,3.0
7,7,5.0
12,7,5.0
21,7,2.0
3,7,2.0
28,7,5.0
5,7,2.0
3,7,5.0
22,7,4.0
21,7,4.0
6,7,4.0
18,7,4.0
5,7,4.0
10,7,5.0
11,7,3.0
9,7,3.0
17,7,3.0
24,7,3.0
21,7,3.0
19,7,5.0
22,7,4.0
28,7,5.0
16,7,4.0
12,7,4.0
6,7,3.0
11,7,2.0
24,7,5.0
15,7,5.0
6,7,5.0
25,7,4.0
11,7,5.0
17,7,4.0
6,7,4.0
18,7,4.0
4,7,1.0
10,7,5.0
8,7,4.0
6,7,4.0
10,7,1.0
24,7,3.0
4,7,2.0
8,7,3.0
29,7,1.0
22,7,4.0
9,7,1.0
29,7,5.0
24,7,5.0
9,7,2.0
3,7,2.0
15,7,2.0
14,7,4.0
24,7,4.0
30,7,4.0
25,7,4.0
25,7,4.0
30,7,2.0
12,7,2.0
17,7,4.0
16,7,5.0
23,7,2.0
5,7,4.0
3,7,4.0
13,7,4.0
15,7,5.0
18,7,5.0
24,7,3.0
20,7,4.0
19,7,3.0
28,7,3.0
27,7,5.0
12,7,5.0
27,7,1.0
22,7,5.0
3,7,5.0
27,7,4.0
13,7,5.0
30,7,4.0
28,7,4.0
27,7,5.0
10,7,2.0
26,7,3.0
19,7,4.0
26,7,3.0
4,7,1.0
29,7,3.0
30,7,5.0
12,7,3.0
7,7,4.0
4,7,4.0
3,7,4.0
19,7,4.0
22,7,5.0
8,7,2.0
24,7,1.0
22,7,2.0
7,7,3.0
18,7,1.0
30,7,4.0
16,7,1.0
6,7,1.0
25,7,4.0
22,7,4.0
28,7,4.0
6,7,4.0
18,7,5.0
26,7,3.0
15,7,4.0
12,7,4.0
27,7,5.0
24,7,4.0
16,7,2.0
14,7,3.0
24,7,4.0
19,7,4.0
11,7,5.0
10,7,5.0
19,7,5.0
3,7,1.0
28,7,4.0
18,7,4.0
13,7,4.0
14,7,2.0
23,7,3.0
27,7,5.0
24,7,4.0
24,7,1.0
25,7,2.0
28,7,4.0
19,7,4.0
11,7,5.0
23,7,1.0
30,7,2.0
25,7,2.0
25,7,5.0
16,7,3.0
28,7,3.0
24,7,3.0
11,7,4.0
21,7,4.0
8,7,5.0
3,7,5.0
27,7,4.0
15,7,4.0
21,7,3.0
16,7,3.0
4,7,4.0
4,7,4.0
21,7,5.0
23,7,3.0
27,7,4.0
14,7,4.0
11,7,4.0
29,7,2.0
25,7,5.0
20,7,4.0
5,7,5.0
22,7,4.0
4,7,3.0
29,7,2.0
26,7,5.0
19,7,5.0
23,7,2.0
25,7,4.0
14,7,3.0
16,7,4.0
21,7,4.0
18,7,4.0
18,7,5.0
15,7,4.0
5,7,5.0
15,7,3.0
29,7,4.0
20,7,4.0
14,7,3.0
26,7,4.0
16,7,3.0
9,7,4.0
24,7,4.0
22,7,5.0
3,7,1.0
22,7,5.0
3,7,3.0
18,7,4.0
18,7,3.0
11,7,5.0
22,7,5.0
25,7,3.0
5,7,1.0
30,7,1.0
26,7,1.0
19,7,5.0
9,7,5.0
21,7,5.0
6,7,4.0
24,7,3.0
7,7,4.0
15,7,5.0
21,7,4.0
19,7,5.0
27,7,3.0
23,7,1.0
25,7,2.0
29,7,5.0
26,7,4.0
26,7,3.0
14,7,1.0
9,7,1.0
29,7,3.0
30,7,4.0
25,7,4.0
25,7,3.0
21,7,5.0
14,7,3.0
16,7,5.0
9,7,4.0
6,7,1.0
17,7,4.0
6,7,3.0
30,7,4.0
29,7,1.0
23,7,5.0
21,7,5.0
21,7,3.0
28,7,4.0
16,7,4.0
22,7,4.0
28,7,4.0
27,7,3.0
7,7,3.0
12,7,4.0
8,7,3.0
5,7,3.0
6,7,4.0
29,7,3.0
28,7,4.0
12,7,3.0
10,7,4.0
12,7,3.0
11,7,3.0
26,7,2.0
14,7,3.0
21,7,5.0
19,7,4.0
13,7,3.0
29,7,4.0
24,7,3.0
16,7,4.0
14,7,2.0
14,7,5.0
18,7,4.0
23,7,2.0
24,7,3.0
30,7,1.0
10,7,4.0
10,7,4.0
22,7,5.0
24,7,1.0
14,7,4.0
20,7,4.0
18,7,1.0
7,7,5.0
23,7,3.0
6,7,3.0
13,8,4.0
15,8,5.0
15,8,5.0
9,8,4.0
27,8,4.0
29,8,3.0
25,8,5.0
18,8,3.0
23,8,5.0
19,8,4.0
29,8,4.0
5,8,4.0
20,8,4.0
15,8,4.0
4,8,5.0
8,8,4.0
29,8,3.0
13,8,2.0
9,8,1.0
8,8,5.0
11,8,4.0
20,8,4.0
29,8,3.0
10,8,3.0
16,8,2.0
13,8,3.0
9,8,4.0
9,8,3.0
25,8,4.0
30,8,4.0
18,8,1.0
10,8,3.0
29,8,5.0
15,8,3.0
24,8,4.0
8,8,5.0
16,8,3.0
3,8,3.0
16,8,4.0
16,8,1.0
14,8,3.0
4,8,2.0
23,8,2.0
29,8,4.0
16,8,5.0
17,8,4.0
23,8,4.0
10,8,5.0
6,8,4.0
28,8,2.0
23,8,3.0
11,8,3.0
8,8,3.0
6,8,5.0
20,8,4.0
15,8,4.0
8,8,4.0
29,8,4.0
16,8,2.0
14,8,4.0
6,8,5.0
18,8,4.0
16,8,3.0
10,8,3.0
9,8,5.0
24,8,4.0
23,8,1.0
28,8,5.0
20,8,4.0
20,8,4.0
10,8,3.0
24,8,1.0
27,8,3.0
20,8,5.0
15,8,5.0
20,8,5.0
15,8,4.0
23,8,4.0
20,8,4.0
29,8,4.0
27,8,5.0
12,8,1.0
12,8,1.0
19,8,4.0
19,8,2.0
4,8,4.0
4,8,3.0
21,8,4.0
25,8,4.0
4,8,5.0
9,8,5.0
5,8,5.0
12,8,3.0
12,8,2.0
14,8,3.0
5,8,2.0
27,8,4.0
3,8,5.0
19,8,5.0
7,8,5.0
23,8,3.0
7,8,5.0
10,8,2.0
13,8,3.0
17,8,5.0
17,8,4.0
19,8,3.0
29,8,3.0
28,8,4.0
11,8,1.0
20,8,2.0
24,8,4.0
19,8,4.0
8,8,4.0
15,8,3.0
27,8,4.0
15,8,3.0
8,8,4.0
26,8,4.0
17,8,4.0
29,8,4.0
20,8,4.0
27,8,3.0
23,8,4.0
9,8,3.0
13,8,1.0
15,8,4.0
29,8,2.0
8,8,5.0
25,8,2.0
7,8,4.0
30,8,3.0
5,8,4.0
9,8,4.0
11,8,4.0
12,8,5.0
6,8,3.0
18,8,5.0
13,8,4.0
13,8,4.0
6,8,4.0
13,8,3.0
20,8,4.0
7,8,4.0
6,8,5.0
19,8,3.0
3,8,4.0
8,8,4.0
28,8,4.0
15,8,4.0
10,8,3.0
3,8,4.0
25,8,4.0
17,8,5.0
8,8,5.0
11,8,4.0
8,8,1.0
3,8,4.0
15,8,3.0
27,8,3.0
23,8,4.0
29,8,4.0
17,8,2.0
3,8,4.0
26,8,3.0
5,8,4.0
15,8,1.0
26,8,5.0
15,8,4.0
6,8,3.0
22,8,5.0
27,8,3.0
16,8,4.0
10,8,4.0
11,8,3.0
12,8,4.0
30,8,3.0
15,8,1.0
14,8,4.0
28,8,3.0
24,8,4.0
14,8,4.0
10,8,3.0
4,8,4.0
6,8,4.0
30,8,3.0
29,8,5.0
28,8,4.0
13,8,4.0
25,8,4.0
17,8,2.0
18,8,5.0
5,8,4.0
28,8,3.0
27,8,1.0
8,8,1.0
4,8,4.0
7,8,1.0
28,8,1.0
24,8,5.0
9,8,5.0
18,8,3.0
29,8,3.0
4,8,5.0
10,8,2.0
21,8,4.0
24,8,2.0
8,8,1.0
3,8,3.0
9,8,5.0
5,8,5.0
12,8,3.0
13,8,2.0
12,8,4.0
11,8,4.0
30,8,4.0
12,8,5.0
12,8,4.0
7,8,4.0
25,8,3.0
17,8,2.0
4,8,2.0
29,8,3.0
28,8,3.0
14,8,5.0
7,8,4.0
25,8,4.0
5,8,3.0
5,8,4.0
4,8,4.0
23,8,5.0
30,8,4.0
21,8,4.0
11,8,5.0
27,8,2.0
29,8,4.0
15,8,1.0
5,8,5.0
24,8,5.0
9,8,4.0
12,8,3.0
28,8,4.0
23,8,4.0
24,8,5.0
24,8,5.0
14,8,3.0
16,8,3.0
4,8,4.0
15,8,5.0
6,8,3.0
8,8,5.0
11,8,2.0
19,8,4.0
4,8,4.0
11,8,4.0
6,8,4.0
25,8,4.0
12,8,3.0
8,8,1.0
17,8,5.0
13,8,4.0
28,8,5.0
30,8,3.0
26,8,5.0
23,8,5.0
8,8,5.0
22,8,5.0
19,8,5.0
5,8,5.0
23,8,4.0
11,8,4.0
25,8,4.0
30,8,5.0
29,8,5.0
30,8,2.0
10,8,5.0
6,8,3.0
11,8,3.0
29,8,3.0
21,8,1.0
4,8,4.0
12,8,3.0
23,8,4.0
24,8,3.0
21,8,5.0
24,8,2.0
12,8,2.0
25,8,3.0
19,8,1.0
24,8,4.0
8,8,5.0
21,8,4.0
6,8,3.0
8,8,3.0
20,8,4.0
24,8,3.0
26,8,4.0
28,8,3.0
24,8,5.0
27,8,4.0
21,8,4.0
21,8,4.0
14,8,5.0
20,8,5.0
15,8,2.0
23,8,3.0
12,8,4.0
15,8,1.0
30,8,2.0
17,8,2.0
27,8,4.0
5,8,2.0
29,8,3.0
10,8,3.0
26,8,5.0
16,8,3.0
6,8,4.0
5,8,5.0
3,8,4.0
26,8,2.0
21,8,5.0
18,8,3.0
29,8,5.0
4,8,5.0
8,8,4.0
20,8,4.0
13,8,5.0
25,8,5.0
24,8,2.0
20,8,5.0
24,8,2.0
28,8,4.0
24,8,3.0
28,8,5.0
22,8,4.0
6,8,3.0
25,8,3.0
28,8,3.0
13,8,3.0
22,8,5.0
7,8,5.0
26,8,1.0
4,8,1.0
28,8,4.0
8,8,3.0
5,8,2.0
9,8,2.0
9,8,4.0
26,8,4.0
11,8,2.0
4,8,5.0
9,8,3.0
20,8,5.0
14,8,5.0
15,8,3.0
13,8,4.0
18,8,4.0
28,8,3.0
23,8,4.0
9,8,5.0
5,8,5.0
6,8,4.0
17,8,3.0
23,8,2.0
17,8,4.0
12,8,1.0
29,8,3.0
26,8,1.0
9,8,1.0
26,8,1.0
10,8,5.0
6,8,1.0
20,8,5.0
13,8,5.0
26,8,4.0
11,8,4.0
15,8,2.0
19,8,5.0
12,8,1.0
25,8,4.0
19,8,2.0
4,8,3.0
15,8,4.0
20,8,5.0
3,8,2.0
14,8,4.0
14,8,5.0
21,8,4.0
22,8,4.0
5,8,4.0
27,8,4.0
12,8,4.0
26,8,5.0
11,8,3.0
24,8,1.0
29,8,1.0
5,8,5.0
9,8,3.0
6,8,1.0
7,8,5.0
14,9,5.0
30,9,4.0
6,9,5.0
22,9,4.0
10,9,4.0
30,9,4.0
21,9,5.0
27,9,5.0
20,9,3.0
15,9,5.0
24,9,3.0
26,9,5.0
7,9,5.0
20,9,4.0
9,9,3.0
16,9,4.0
8,9,3.0
18,9,3.0
27,9,5.0
29,9,3.0
9,9,1.0
24,9,3.0
30,9,4.0
30,9,5.0
27,9,1.0
29,9,4.0
18,9,1.0
9,9,5.0
16,9,3.0
6,9,4.0
20,9,3.0
13,9,3.0
30,9,4.0
3,9,2.0
18,9,5.0
23,9,3.0
9,9,3.0
9,9,4.0
13,9,5.0
14,9,3.0
10,9,2.0
6,9,3.0
6,9,4.0
19,9,5.0
16,9,4.0
22,9,4.0
10,9,4.0
23,9,4.0
17,9,1.0
14,9,4.0
9,9,5.0
10,9,1.0
9,9,3.0
9,9,4.0
22,9,1.0
13,9,5.0
3,9,5.0
7,9,5.0
29,9,5.0
16,9,4.0
4,9,4.0
14,9,5.0
10,9,4.0
3,9,5.0
27,9,4.0
5,9,4.0
9,9,3.0
5,9,4.0
24,9,4.0
11,9,3.0
13,9,3.0
26,9,1.0
6,9,4.0
18,9,4.0
9,9,3.0
7,9,4.0
30,9,4.0
11,9,4.0
7,9,4.0
15,9,4.0
6,9,5.0
9,9,5.0
24,9,3.0
8,9,3.0
15,9,3.0
25,9,4.0
16,9,5.0
20,9,4.0
3,9,3.0
30,9,4.0
28,9,5.0
7,9,3.0
3,9,5.0
8,9,4.0
11,9,3.0
28,9,4.0
12,9,4.0
7,9,3.0
5,9,2.0
12,9,4.0
19,9,3.0
30,9,2.0
27,9,3.0
29,9,2.0
22,9,3.0
9,9,3.0
27,9,3.0
27,9,4.0
20,9,3.0
7,9,4.0
7,9,4.0
28,9,2.0
30,9,1.0
14,9,4.0
21,9,4.0
27,9,4.0
14,9,1.0
23,9,4.0
13,9,5.0
12,9,4.0
10,9,3.0
11,9,4.0
27,9,4.0
13,9,3.0
20,9,3.0
14,9,1.0
18,9,4.0
9,9,5.0
17,9,5.0
21,9,5.0
10,9,1.0
3,9,3.0
22,9,3.0
24,9,5.0
3,9,4.0
5,9,5.0
10,9,5.0
12,9,2.0
25,9,3.0
22,9,3.0
4,9,3.0
21,9,5.0
14,9,5.0
26,9,1.0
27,9,1.0
18,9,5.0
29,9,5.0
28,9,3.0
6,9,4.0
6,9,4.0
11,9,4.0
7,9,4.0
14,9,5.0
5,9,5.0
30,9,2.0
23,9,4.0
11,9,4.0
26,9,4.0
16,9,4.0
14,9,5.0
20,9,4.0
27,9,5.0
30,9,3.0
29,9,5.0
17,9,3.0
17,9,4.0
23,9,3.0
14,9,3.0
4,9,5.0
12,9,3.0
15,9,3.0
4,9,5.0
4,9,4.0
13,9,5.0
19,9,4.0
30,9,4.0
21,9,3.0
11,9,4.0
28,9,3.0
24,9,3.0
12,9,3.0
6,9,5.0
27,9,3.0
26,9,2.0
28,9,5.0
17,9,3.0
26,9,3.0
14,9,4.0
10,9,3.0
13,9,5.0
6,9,3.0
29,9,2.0
30,9,1.0
9,9,1.0
19,9,4.0
7,9,2.0
10,9,3.0
29,9,2.0
7,9,4.0
20,9,4.0
19,9,5.0
24,9,4.0
6,9,3.0
13,9,3.0
6,9,5.0
6,9,3.0
20,9,4.0
8,9,3.0
21,9,2.0
21,9,4.0
4,9,5.0
18,9,4.0
16,9,4.0
5,9,4.0
9,9,3.0
27,9,2.0
9,9,1.0
24,9,2.0
19,9,1.0
26,9,4.0
28,9,3.0
22,9,3.0
23,9,4.0
20,9,5.0
10,9,4.0
22,9,1.0
9,9,5.0
4,9,5.0
27,9,4.0
19,9,4.0
29,9,4.0
22,9,5.0
21,9,2.0
8,9,5.0
14,9,5.0
20,9,3.0
15,9,4.0
30,9,1.0
26,9,4.0
12,9,4.0
12,9,2.0
25,9,3.0
15,9,2.0
10,9,4.0
12,9,4.0
26,9,3.0
11,9,2.0
13,9,4.0
19,9,4.0
11,9,3.0
22,9,2.0
22,9,4.0
20,9,4.0
7,9,5.0
30,9,5.0
10,9,5.0
8,9,3.0
15,9,4.0
12,9,1.0
10,9,3.0
16,9,4.0
27,9,4.0
16,9,5.0
12,9,5.0
8,9,2.0
27,9,4.0
27,9,3.0
5,9,3.0
29,9,5.0
25,9,2.0
18,9,3.0
23,9,4.0
17,9,3.0
4,9,4.0
15,9,2.0
18,9,5.0
20,9,4.0
9,9,3.0
15,9,5.0
15,9,5.0
5,9,5.0
7,9,3.0
30,9,2.0
8,9,3.0
26,9,4.0
17,9,3.0
7,9,4.0
24,9,1.0
21,9,5.0
25,9,5.0
8,9,1.0
11,9,2.0
20,9,4.0
5,9,3.0
10,9,5.0
26,9,2.0
29,9,2.0
20,9,5.0
21,9,4.0
17,9,5.0
12,9,5.0
30,9,2.0
28,9,5.0
16,9,1.0
23,9,3.0
26,9,4.0
23,9,1.0
14,9,3.0
29,9,5.0
27,9,1.0
19,9,2.0
16,9,4.0
20,9,5.0
24,9,3.0
30,9,3.0
23,9,3.0
26,9,4.0
6,9,2.0
23,9,4.0
22,9,4.0
21,9,3.0
4,9,5.0
12,9,4.0
22,9,5.0
8,9,3.0
26,9,5.0
12,9,4.0
7,9,5.0
23,9,4.0
3,9,4.0
30,9,3.0
18,9,5.0
15,9,4.0
15,9,3.0
15,9,3.0
20,9,3.0
20,9,5.0
26,9,2.0
29,9,3.0
22,9,3.0
16,9,2.0
25,9,5.0
8,9,4.0
20,9,3.0
9,9,2.0
26,9,4.0
6,9,3.0
17,9,5.0
17,9,5.0
10,9,5.0
5,9,4.0
11,9,4.0
16,9,5.0
29,9,3.0
29,9,3.0
20,9,4.0
6,9,4.0
18,9,2.0
9,9,4.0
24,9,3.0
16,9,3.0
5,9,3.0
13,9,3.0
3,9,4.0
28,9,4.0
17,9,2.0
11,9,5.0
10,9,4.0
17,9,4.0
25,9,3.0
24,9,4.0
13,9,5.0
14,9,4.0
13,9,4.0
12,9,3.0
9,9,5.0
7,9,3.0
3,9,5.0
9,9,5.0
30,9,3.0
9,9,5.0
27,9,3.0
3,9,4.0
17,9,4.0
9,9,3.0
7,9,4.0
17,9,4.0
6,9,5.0
19,9,4.0
6,9,2.0
23,9,5.0
22,9,3.0
24,9,2.0
27,9,5.0
30,9,3.0
17,9,4.0
16,9,2.0
13,9,2.0
29,9,2.0
22,9,2.0
11,10,5.0
11,10,5.0
13,10,4.0
20,10,2.0
12,10,1.0
9,10,2.0
13,10,3.0
8,10,4.0
7,10,4.0
11,10,3.0
17,10,4.0
17,10,4.0
27,10,5.0
10,10,3.0
19,10,5.0
15,10,3.0
12,10,3.0
20,10,1.0
11,10,5.0
26,10,2.0
16,10,5.0
16,10,2.0
18,10,2.0
9,10,4.0
24,10,3.0
3,10,5.0
22,10,4.0
4,10,3.0
13,10,2.0
20,10,4.0
17,10,3.0
18,10,4.0
16,10,3.0
8,10,4.0
25,10,4.0
5,10,5.0
28,10,5.0
19,10,4.0
29,10,3.0
27,10,4.0
19,10,4.0
12,10,4.0
18,10,4.0
25,10,3.0
9,10,4.0
30,10,4.0
17,10,4.0
19,10,2.0
8,10,3.0
7,10,5.0
29,10,3.0
27,10,1.0
7,10,3.0
25,10,4.0
16,10,4.0
16,10,4.0
15,10,3.0
20,10,2.0
28,10,3.0
21,10,5.0
18,10,3.0
29,10,2.0
18,10,3.0
27,10,3.0
16,10,2.0
4,10,5.0
24,10,4.0
17,10,3.0
7,10,3.0
20,10,5.0
21,10,5.0
17,10,4.0
9,10,2.0
6,10,3.0
14,10,4.0
27,10,3.0
14,10,1.0
14,10,5.0
12,10,3.0
27,10,3.0
8,10,5.0
10,10,3.0
4,10,3.0
12,10,3.0
12,10,2.0
26,10,3.0
22,10,5.0
23,10,4.0
18,10,3.0
24,10,4.0
25,10,5.0
15,10,2.0
21,10,2.0
5,10,5.0
15,10,5.0
25,10,4.0
14,10,4.0
8,10,3.0
5,10,4.0
14,10,2.0
14,10,4.0
15,10,5.0
9,10,5.0
17,10,4.0
13,10,3.0
15,10,4.0
14,10,5.0
14,10,4.0
16,10,3.0
11,10,2.0
13,10,4.0
30,10,3.0
29,10,5.0
14,10,3.0
24,10,4.0
15,10,4.0
21,10,2.0
21,10,4.0
30,10,4.0
6,10,2.0
28,10,3.0
29,10,4.0
8,10,3.0
29,10,2.0
9,10,4.0
17,10,4.0
7,10,4.0
9,10,4.0
11,10,3.0
9,10,5.0
27,10,5.0
6,10,3.0
11,10,3.0
22,10,3.0
22,10,1.0
24,10,3.0
3,10,4.0
12,10,4.0
22,10,4.0
12,10,5.0
21,10,4.0
26,10,3.0
5,10,2.0
4,10,3.0
7,10,3.0
24,10,2.0
26,10,4.0
11,10,4.0
9,10,1.0
6,10,4.0
9,10,4.0
12,10,5.0
6,10,4.0
26,10,3.0
18,10,4.0
10,10,3.0
16,10,4.0
30,10,4.0
26,10,2.0
8,10,4.0
30,10,2.0
26,10,2.0
9,10,5.0
4,10,3.0
22,10,5.0
18,10,5.0
13,10,4.0
26,10,4.0
9,10,4.0
28,10,5.0
28,10,3.0
26,10,2.0
18,10,3.0
26,10,5.0
8,10,5.0
7,10,3.0
16,10,3.0
29,10,2.0
15,10,3.0
26,10,3.0
4,10,4.0
20,10,4.0
15,10,1.0
18,10,5.0
4,10,3.0
23,10,5.0
26,10,3.0
23,10,4.0
20,10,5.0
22,10,5.0
17,10,3.0
27,10,4.0
13,10,5.0
29,10,1.0
23,10,5.0
16,10,1.0
27,10,5.0
26,10,3.0
30,10,3.0
8,10,4.0
9,10,4.0
26,10,3.0
22,10,1.0
28,10,4.0
16,10,4.0
9,10,4.0
8,10,4.0
16,10,5.0
7,10,5.0
9,10,3.0
10,10,3.0
9,10,4.0
22,10,5.0
12,10,2.0
23,10,3.0
18,10,1.0
19,10,5.0
8,10,3.0
28,10,4.0
7,10,3.0
20,10,5.0
17,10,3.0
23,10,4.0
26,10,3.0
10,10,5.0
27,10,3.0
23,10,2.0
4,10,3.0
10,10,3.0
13,10,5.0
15,10,3.0
4,10,4.0
27,10,3.0
7,10,5.0
26,10,3.0
18,10,4.0
17,10,3.0
26,10,4.0
17,10,5.0
6,10,2.0
30,10,4.0
9,10,4.0
21,10,3.0
25,10,2.0
13,10,5.0
13,10,4.0
17,10,5.0
29,10,3.0
7,10,4.0
19,10,5.0
13,10,3.0
11,10,4.0
21,10,1.0
30,10,5.0
14,10,3.0
28,10,1.0
12,10,5.0
25,10,3.0
14,10,3.0
21,10,3.0
4,10,4.0
4,10,5.0
24,10,5.0
28,10,3.0
21,10,3.0
29,10,5.0
29,10,4.0
24,10,1.0
7,10,1.0
27,10,5.0
27,10,5.0
18,10,3.0
27,10,3.0
22,10,4.0
9,10,3.0
20,10,2.0
14,10,1.0
9,10,5.0
11,10,4.0
16,10,5.0
17,10,4.0
11,10,4.0
30,10,4.0
15,10,4.0
16,10,5.0
25,10,3.0
7,10,4.0
9,10,5.0
19,10,5.0
20,10,3.0
4,10,3.0
25,10,4.0
30,10,3.0
3,10,5.0
7,10,4.0
6,10,5.0
17,10,5.0
3,10,5.0
6,10,5.0
27,10,4.0
27,10,3.0
10,10,4.0
23,10,5.0
13,10,3.0
27,10,1.0
15,10,5.0
15,10,4.0
22,10,2.0
7,10,4.0
7,10,5.0
13,10,4.0
6,10,1.0
11,10,3.0
13,10,5.0
11,10,4.0
27,10,4.0
19,10,4.0
26,10,2.0
17,10,3.0
30,10,5.0
21,10,5.0
22,10,5.0
16,10,3.0
26,10,3.0
28,10,4.0
10,10,3.0
20,10,2.0
24,10,3.0
11,10,3.0
28,10,4.0
29,10,4.0
30,10,4.0
24,10,5.0
30,10,4.0
19,10,3.0
12,10,4.0
14,10,4.0
30,10,2.0
24,10,4.0
4,10,5.0
8,10,3.0
13,10,1.0
7,10,4.0
8,10,3.0
19,10,4.0
20,10,4.0
30,10,3.0
23,10,4.0
27,10,4.0
12,10,5.0
18,10,4.0
4,10,4.0
25,10,4.0
27,10,3.0
8,10,4.0
6,10,5.0
30,10,1.0
29,10,5.0
23,10,3.0
17,10,4.0
3,10,5.0
21,10,3.0
30,10,5.0
20,10,5.0
26,10,5.0
24,10,4.0
10,10,3.0
11,10,2.0
15,10,4.0
28,10,3.0
11,10,2.0
7,10,3.0
30,10,4.0
22,10,2.0
18,10,3.0
17,10,3.0
5,10,3.0
20,10,5.0
14,10,1.0
12,10,5.0
11,10,4.0
11,10,5.0
8,10,2.0
18,10,5.0
19,10,4.0
9,10,4.0
6,10,3.0
22,10,3.0
28,10,2.0
27,10,4.0
3,10,5.0
8,10,2.0
10,10,5.0
13,10,4.0
11,10,3.0
29,10,5.0
3,10,5.0
25,10,3.0
16,10,4.0
4,10,3.0
28,11,1.0
29,11,2.0
16,11,5.0
8,11,5.0
13,11,1.0
6,11,3.0
14,11,4.0
26,11,3.0
29,11,4.0
15,11,5.0
27,11,5.0
9,11,4.0
19,11,2.0
17,11,4.0
14,11,3.0
16,11,1.0
10,11,2.0
12,11,1.0
25,11,3.0
8,11,4.0
23,11,3.0
23,11,4.0
12,11,3.0
14,11,4.0
13,11,1.0
24,11,4.0
9,11,5.0
7,11,3.0
29,11,4.0
5,11,3.0
28,11,5.0
22,11,2.0
22,11,4.0
25,11,2.0
10,11,4.0
28,11,5.0
21,11,1.0
18,11,4.0
15,11,5.0
3,11,1.0
24,11,5.0
10,11,4.0
5,11,3.0
13,11,4.0
26,11,5.0
26,11,3.0
23,11,3.0
27,11,5.0
26,11,4.0
3,11,5.0
9,11,4.0
5,11,5.0
21,11,4.0
28,11,4.0
26,11,4.0
30,11,4.0
26,11,1.0
11,11,5.0
6,11,3.0
17,11,3.0
6,11,3.0
16,11,3.0
19,11,5.0
11,11,4.0
7,11,5.0
10,11,1.0
14,11,4.0
9,11,3.0
29,11,5.0
16,11,3.0
9,11,1.0
24,11,2.0
26,11,5.0
19,11,4.0
28,11,4.0
3,11,4.0
24,11,2.0
10,11,5.0
26,11,3.0
17,11,3.0
15,11,2.0
26,11,3.0
4,11,4.0
15,11,5.0
7,11,4.0
12,11,3.0
20,11,2.0
3,11,4.0
17,11,3.0
29,11,4.0
21,11,2.0
13,11,4.0
14,11,4.0
14,11,3.0
3,11,2.0
4,11,5.0
13,11,2.0
7,11,3.0
20,11,4.0
24,11,4.0
10,11,1.0
14,11,3.0
24,11,5.0
19,11,3.0
23,11,5.0
16,11,5.0
19,11,4.0
28,11,2.0
23,11,5.0
28,11,3.0
28,11,3.0
19,11,5.0
15,11,3.0
13,11,2.0
29,11,4.0
9,11,3.0
28,11,4.0
27,11,4.0
27,11,5.0
19,11,4.0
7,11,4.0
12,11,3.0
22,11,5.0
16,11,5.0
22,11,3.0
3,11,4.0
17,11,4.0
30,11,5.0
18,11,5.0
18,11,4.0
8,11,4.0
14,11,5.0
17,11,2.0
5,11,3.0
29,11,4.0
13,11,4.0
26,11,1.0
3,11,4.0
7,11,3.0
24,11,4.0
5,11,3.0
18,11,4.0
27,11,5.0
30,11,5.0
8,11,5.0
19,11,4.0
25,11,5.0
19,11,5.0
7,11,4.0
9,11,4.0
16,11,4.0
18,11,5.0
8,11,4.0
15,11,4.0
26,11,5.0
10,11,2.0
23,11,4.0
24,11,4.0
22,11,4.0
25,11,3.0
26,11,2.0
21,11,5.0
26,11,4.0
21,11,4.0
6,11,3.0
24,11,2.0
25,11,4.0
25,11,4.0
13,11,5.0
12,11,3.0
3,11,3.0
27,11,5.0
21,11,1.0
23,11,1.0
9,11,5.0
17,11,5.0
25,11,5.0
14,11,5.0
9,11,3.0
17,11,3.0
14,11,5.0
20,11,4.0
14,11,3.0
7,11,5.0
16,11,5.0
11,11,3.0
22,11,3.0
20,11,5.0
14,11,3.0
11,11,2.0
20,11,3.0
8,11,3.0
8,11,3.0
11,11,2.0
6,11,3.0
10,11,2.0
18,11,4.0
30,11,4.0
29,11,4.0
29,11,4.0
16,11,3.0
21,11,5.0
30,11,4.0
5,11,4.0
7,11,4.0
8,11,5.0
12,11,5.0
24,11,4.0
21,11,3.0
21,11,2.0
21,11,4.0
11,11,2.0
22,11,5.0
10,11,3.0
10,11,4.0
7,11,3.0
12,11,5.0
26,11,4.0
23,11,3.0
28,11,5.0
28,11,4.0
29,11,3.0
22,11,4.0
13,11,3.0
28,11,5.0
6,11,2.0
6,11,5.0
24,11,4.0
10,11,4.0
29,11,3.0
16,11,5.0
9,11,4.0
5,11,3.0
3,11,1.0
23,11,4.0
22,11,4.0
21,11,5.0
17,11,2.0
24,11,4.0
6,11,1.0
8,11,4.0
22,11,4.0
23,11,3.0
25,11,4.0
5,11,3.0
13,11,5.0
13,11,3.0
4,11,2.0
16,11,5.0
30,11,5.0
16,11,1.0
12,11,2.0
27,11,3.0
17,11,4.0
29,11,2.0
27,11,1.0
12,11,2.0
14,11,4.0
21,11,4.0
23,11,4.0
10,11,3.0
28,11,2.0
3,11,4.0
26,11,5.0
21,11,4.0
11,11,5.0
9,11,2.0
5,11,3.0
18,11,5.0
5,11,3.0
7,11,3.0
9,11,3.0
27,11,4.0
23,11,4.0
11,11,3.0
16,11,3.0
18,11,3.0
10,11,5.0
9,11,3.0
18,11,3.0
16,11,5.0
16,11,3.0
8,11,3.0
16,11,3.0
21,11,4.0
20,11,5.0
19,11,4.0
29,11,5.0
5,11,5.0
10,11,4.0
5,11,4.0
22,11,4.0
13,11,4.0
29,11,4.0
20,11,4.0
30,11,2.0
30,11,4.0
3,11,4.0
9,11,3.0
15,11,4.0
12,11,3.0
8,11,2.0
30,11,3.0
8,11,4.0
29,11,1.0
19,11,3.0
14,11,3.0
23,11,2.0
15,11,4.0
6,11,5.0
19,11,2.0
9,11,4.0
23,11,4.0
14,11,3.0
10,11,3.0
7,11,5.0
17,11,3.0
27,11,5.0
26,11,1.0
5,11,3.0
8,11,4.0
28,11,2.0
15,11,4.0
25,11,5.0
16,11,4.0
11,11,2.0
10,11,5.0
30,11,3.0
25,11,4.0
27,11,3.0
10,11,4.0
28,11,4.0
12,11,5.0
8,11,4.0
17,11,4.0
30,11,5.0
27,11,2.0
15,11,5.0
9,11,4.0
18,11,4.0
30,11,4.0
22,11,4.0
26,11,3.0
15,11,4.0
14,11,3.0
20,11,3.0
16,11,5.0
30,11,3.0
15,11,2.0
14,11,5.0
18,11,5.0
20,11,3.0
21,11,1.0
17,11,1.0
16,11,4.0
12,11,5.0
8,11,3.0
13,11,3.0
6,11,5.0
28,11,5.0
30,11,3.0
8,11,2.0
15,11,4.0
6,11,3.0
15,11,5.0
18,11,5.0
14,11,5.0
16,11,4.0
20,11,3.0
26,11,1.0
3,11,1.0
23,11,5.0
30,11,4.0
11,11,3.0
24,11,4.0
13,11,3.0
14,11,3.0
21,11,3.0
4,11,5.0
10,11,3.0
5,11,3.0
19,11,4.0
21,11,4.0
19,11,3.0
22,11,3.0
17,11,3.0
17,11,4.0
17,11,4.0
4,11,2.0
3,11,4.0
16,11,4.0
7,11,5.0
28,11,3.0
29,11,3.0
28,11,4.0
18,11,4.0
23,11,4.0
9,11,3.0
7,11,3.0
26,11,4.0
5,12,3.0
18,12,2.0
22,12,4.0
23,12,5.0
4,12,3.0
16,12,3.0
3,12,5.0
30,12,4.0
26,12,2.0
6,12,4.0
9,12,3.0
16,12,4.0
4,12,2.0
24,12,3.0
26,12,4.0
27,12,4.0
29,12,4.0
4,12,5.0
20,12,4.0
3,12,2.0
19,12,4.0
15,12,4.0
23,12,4.0
4,12,3.0
20,12,3.0
15,12,4.0
8,12,5.0
18,12,5.0
6,12,4.0
8,12,2.0
18,12,3.0
27,12,3.0
21,12,4.0
9,12,4.0
27,12,3.0
26,12,3.0
29,12,3.0
17,12,4.0
8,12,3.0
22,12,4.0
7,12,4.0
3,12,5.0
6,12,2.0
26,12,5.0
24,12,1.0
17,12,4.0
26,12,1.0
7,12,5.0
13,12,5.0
17,12,4.0
14,12,4.0
7,12,3.0
26,12,3.0
7,12,3.0
17,12,4.0
11,12,3.0
26,12,2.0
13,12,1.0
17,12,4.0
6,12,4.0
28,12,5.0
12,12,5.0
11,12,3.0
30,12,4.0
8,12,3.0
7,12,4.0
18,12,5.0
17,12,4.0
23,12,4.0
23,12,3.0
20,12,3.0
29,12,5.0
3,12,4.0
29,12,4.0
29,12,5.0
8,12,4.0
23,12,5.0
4,12,4.0
7,12,5.0
28,12,4.0
29,12,3.0
17,12,1.0
25,12,3.0
26,12,1.0
3,12,1.0
20,12,5.0
24,12,5.0
18,12,2.0
10,12,4.0
11,12,3.0
6,12,2.0
25,12,3.0
10,12,5.0
27,12,2.0
24,12,4.0
8,12,3.0
12,12,3.0
12,12,2.0
15,12,3.0
13,12,5.0
29,12,1.0
18,12,4.0
11,12,4.0
21,12,3.0
24,12,4.0
23,12,5.0
26,12,5.0
8,12,4.0
3,12,4.0
4,12,4.0
13,12,5.0
7,12,4.0
10,12,1.0
27,12,3.0
9,12,3.0
4,12,5.0
5,12,4.0
12,12,5.0
12,12,5.0
20,12,3.0
20,12,4.0
10,12,5.0
29,12,2.0
23,12,4.0
20,12,5.0
9,12,4.0
30,12,4.0
17,12,3.0
21,12,1.0
27,12,3.0
14,12,5.0
17,12,3.0
7,12,4.0
7,12,3.0
12,12,3.0
18,12,4.0
13,12,3.0
17,12,4.0
17,12,5.0
9,12,3.0
8,12,3.0
7,12,3.0
17,12,4.0
21,12,3.0
21,12,4.0
29,12,5.0
7,12,3.0
23,12,3.0
14,12,3.0
22,12,3.0
12,12,3.0
23,12,2.0
27,12,3.0
9,12,5.0
27,12,1.0
4,12,3.0
28,12,2.0
22,12,4.0
13,12,2.0
24,12,3.0
8,12,1.0
12,12,5.0
7,12,2.0
24,12,3.0
15,12,3.0
9,12,3.0
15,12,4.0
5,12,2.0
13,12,3.0
30,12,2.0
17,12,4.0
17,12,5.0
24,12,4.0
10,12,3.0
4,12,5.0
10,12,5.0
12,12,4.0
21,12,3.0
20,12,5.0
11,12,3.0
8,12,4.0
27,12,1.0
29,12,5.0
17,12,5.0
27,12,3.0
22,12,4.0
29,12,4.0
30,12,4.0
26,12,4.0
30,12,5.0
10,12,4.0
9,12,3.0
13,12,5.0
25,12,2.0
19,12,1.0
18,12,4.0
22,12,4.0
28,12,3.0
10,12,4.0
9,12,3.0
5,12,5.0
22,12,5.0
26,12,1.0
18,12,3.0
27,12,5.0
9,12,4.0
21,12,3.0
13,12,2.0
21,12,4.0
18,12,4.0
24,12,4.0
4,12,5.0
5,12,3.0
19,12,3.0
16,12,4.0
26,12,4.0
28,12,3.0
18,12,4.0
25,12,4.0
30,12,2.0
14,12,2.0
25,12,3.0
6,12,4.0
5,12,4.0
10,12,4.0
16,12,5.0
28,12,4.0
26,12,5.0
12,12,4.0
9,12,2.0
23,12,3.0
23,12,4.0
4,12,5.0
12,12,5.0
14,12,3.0
3,12,4.0
3,12,1.0
26,12,3.0
5,12,3.0
30,12,4.0
5,12,3.0
16,12,5.0
21,12,4.0
11,12,3.0
16,12,4.0
29,12,4.0
5,12,2.0
24,12,4.0
13,12,2.0
20,12,5.0
15,12,4.0
19,12,4.0
20,12,2.0
17,12,2.0
15,12,4.0
23,12,4.0
18,12,2.0
4,12,4.0
14,12,4.0
28,12,5.0
3,12,4.0
30,12,1.0
24,12,4.0
16,12,4.0
26,12,3.0
25,12,4.0
18,12,4.0
22,12,3.0
4,12,1.0
26,12,1.0
28,12,5.0
8,12,3.0
27,12,5.0
19,12,3.0
26,12,3.0
15,12,5.0
4,12,5.0
25,12,4.0
8,12,4.0
9,12,4.0
26,12,3.0
25,12,2.0
8,12,3.0
7,12,5.0
26,12,1.0
12,12,2.0
12,12,4.0
12,12,1.0
22,12,5.0
27,12,4.0
28,12,5.0
29,12,3.0
22,12,4.0
8,12,5.0
6,12,1.0
30,12,3.0
8,12,4.0
30,12,1.0
10,12,4.0
6,12,4.0
19,12,4.0
14,12,3.0
25,12,2.0
8,12,4.0
29,12,3.0
11,12,4.0
17,12,4.0
18,12,4.0
14,12,5.0
25,12,4.0
13,12,5.0
8,12,2.0
27,12,5.0
17,12,4.0
18,12,4.0
25,12,2.0
4,12,4.0
3,12,3.0
17,12,2.0
5,12,5.0
15,12,3.0
11,12,2.0
6,12,3.0
22,12,1.0
9,12,3.0
11,12,3.0
25,12,4.0
28,12,3.0
15,12,4.0
21,12,4.0
10,12,4.0
11,12,2.0
11,12,5.0
3,12,4.0
19,12,4.0
6,12,2.0
26,12,3.0
5,12,5.0
27,12,2.0
4,12,5.0
28,12,3.0
9,12,2.0
28,12,2.0
27,12,2.0
25,12,5.0
7,12,2.0
24,12,5.0
4,12,2.0
12,12,5.0
10,12,4.0
29,12,4.0
13,12,3.0
15,12,5.0
23,12,4.0
16,12,4.0
25,12,4.0
6,12,5.0
28,12,4.0
13,12,4.0
6,12,1.0
20,12,5.0
13,12,4.0
26,12,5.0
9,12,4.0
5,12,5.0
11,12,5.0
13,12,4.0
30,12,3.0
24,12,4.0
12,12,2.0
27,12,3.0
12,12,5.0
20,12,3.0
7,12,3.0
22,12,5.0
5,12,3.0
5,12,5.0
5,12,3.0
12,12,2.0
10,12,1.0
22,12,1.0
10,12,3.0
23,12,2.0
20,12,3.0
22,12,3.0
26,12,5.0
10,12,5.0
26,12,3.0
5,12,1.0
20,12,5.0
10,12,4.0
17,12,3.0
3,12,3.0
15,12,4.0
19,12,2.0
3,12,3.0
29,12,5.0
9,12,4.0
25,12,5.0
6,12,3.0
30,13,1.0
29,13,5.0
24,13,4.0
30,13,3.0
4,13,2.0
28,13,3.0
3,13,4.0
8,13,1.0
23,13,1.0
12,13,2.0
16,13,4.0
18,13,4.0
7,13,4.0
14,13,4.0
6,13,3.0
26,13,3.0
4,13,1.0
22,13,4.0
4,13,3.0
10,13,5.0
18,13,3.0
9,13,1.0
25,13,4.0
13,13,4.0
7,13,4.0
4,13,3.0
14,13,3.0
17,13,4.0
30,13,1.0
8,13,2.0
4,13,3.0
28,13,3.0
8,13,4.0
25,13,5.0
5,13,1.0
16,13,4.0
4,13,4.0
24,13,3.0
4,13,3.0
15,13,4.0
4,13,4.0
19,13,5.0
20,13,4.0
30,13,4.0
27,13,4.0
5,13,4.0
26,13,4.0
30,13,4.0
22,13,4.0
18,13,4.0
4,13,3.0
21,13,4.0
12,13,4.0
4,13,4.0
30,13,4.0
7,13,3.0
28,13,3.0
3,13,5.0
29,13,3.0
14,13,4.0
12,13,4.0
25,13,3.0
20,13,3.0
21,13,4.0
10,13,3.0
15,13,4.0
25,13,5.0
9,13,3.0
26,13,1.0
9,13,4.0
16,13,4.0
27,13,3.0
21,13,4.0
4,13,3.0
15,13,4.0
21,13,1.0
21,13,5.0
26,13,5.0
14,13,4.0
22,13,5.0
14,13,5.0
29,13,5.0
21,13,3.0
11,13,3.0
30,13,4.0
9,13,4.0
18,13,4.0
30,13,3.0
12,13,1.0
13,13,5.0
9,13,2.0
29,13,1.0
24,13,2.0
21,13,5.0
7,13,5.0
3,13,3.0
11,13,2.0
5,13,1.0
25,13,3.0
19,13,5.0
9,13,1.0
18,13,3.0
3,13,4.0
10,13,4.0
30,13,2.0
5,13,5.0
10,13,4.0
4,13,5.0
21,13,5.0
9,13,5.0
12,13,3.0
10,13,5.0
19,13,3.0
8,13,4.0
28,13,3.0
7,13,4.0
21,13,5.0
27,13,4.0
26,13,3.0
23,13,1.0
7,13,4.0
16,13,4.0
10,13,4.0
14,13,4.0
27,13,5.0
13,13,4.0
3,13,4.0
25,13,1.0
28,13,3.0
22,13,1.0
11,13,3.0
24,13,4.0
6,13,5.0
13,13,1.0
17,13,4.0
28,13,4.0
6,13,1.0
18,13,3.0
18,13,3.0
26,13,4.0
18,13,3.0
18,13,5.0
13,13,5.0
6,13,4.0
17,13,4.0
5,13,4.0
21,13,3.0
28,13,4.0
17,13,4.0
5,13,4.0
3,13,5.0
17,13,2.0
4,13,3.0
16,13,5.0
22,13,2.0
27,13,4.0
22,13,3.0
12,13,3.0
15,13,5.0
18,13,3.0
29,13,4.0
18,13,4.0
12,13,3.0
28,13,2.0
15,13,2.0
25,13,4.0
22,13,5.0
17,13,4.0
24,13,4.0
28,13,2.0
7,13,5.0
4,13,5.0
11,13,5.0
26,13,3.0
5,13,5.0
14,13,3.0
23,13,5.0
10,13,3.0
3,13,2.0
12,13,5.0
10,13,4.0
4,13,4.0
30,13,1.0
12,13,2.0
8,13,4.0
19,13,3.0
23,13,1.0
4,13,3.0
18,13,3.0
19,13,5.0
22,13,3.0
9,13,4.0
20,13,3.0
25,13,3.0
10,13,3.0
29,13,3.0
6,13,4.0
19,13,5.0
22,13,5.0
25,13,3.0
23,13,4.0
22,13,3.0
20,13,4.0
5,13,2.0
8,13,1.0
24,13,5.0
22,13,4.0
17,13,4.0
4,13,5.0
22,13,2.0
14,13,2.0
15,13,3.0
25,13,4.0
14,13,4.0
17,13,1.0
6,13,4.0
8,13,5.0
26,13,1.0
18,13,3.0
8,13,4.0
7,13,4.0
11,13,4.0
3,13,4.0
14,13,2.0
11,13,4.0
22,13,3.0
12,13,3.0
20,13,5.0
21,13,3.0
3,13,4.0
8,13,5.0
18,13,5.0
3,13,3.0
5,13,1.0
28,13,1.0
18,13,5.0
25,13,3.0
17,13,4.0
26,13,5.0
17,13,5.0
8,13,4.0
18,13,4.0
5,13,3.0
19,13,3.0
24,13,4.0
22,13,3.0
20,13,1.0
28,13,5.0
27,13,4.0
20,13,5.0
18,13,4.0
15,13,1.0
10,13,4.0
19,13,5.0
19,13,4.0
27,13,2.0
9,13,2.0
3,13,1.0
10,13,3.0
5,13,5.0
3,13,1.0
21,13,5.0
10,13,4.0
5,13,4.0
12,13,3.0
26,13,2.0
13,13,3.0
12,13,4.0
19,13,5.0
8,13,4.0
4,13,3.0
23,13,3.0
21,13,1.0
9,13,3.0
23,13,3.0
28,13,5.0
14,13,4.0
5,13,3.0
26,13,3.0
30,13,4.0
29,13,4.0
14,13,3.0
18,13,2.0
28,13,3.0
30,13,2.0
26,13,4.0
3,13,4.0
11,13,3.0
8,13,5.0
9,13,4.0
26,13,2.0
13,13,5.0
7,13,4.0
24,13,4.0
18,13,1.0
29,13,2.0
11,13,3.0
12,13,3.0
16,13,4.0
29,13,4.0
11,13,4.0
23,13,3.0
14,13,4.0
16,13,3.0
18,13,4.0
21,13,1.0
7,13,3.0
17,13,3.0
12,13,3.0
19,13,4.0
10,13,2.0
30,13,3.0
22,13,4.0
3,13,3.0
9,13,2.0
24,13,4.0
14,13,5.0
21,13,3.0
8,13,4.0
11,13,5.0
5,13,4.0
11,13,4.0
26,13,3.0
14,13,5.0
26,13,4.0
15,13,1.0
10,13,3.0
12,13,4.0
3,13,4.0
5,13,5.0
25,13,4.0
25,13,4.0
7,13,5.0
25,13,5.0
9,13,2.0
25,13,3.0
11,13,2.0
10,13,3.0
9,13,4.0
5,13,4.0
16,13,3.0
5,13,1.0
6,13,4.0
11,13,2.0
7,13,3.0
27,13,1.0
13,13,4.0
7,13,2.0
3,13,3.0
22,13,4.0
15,13,2.0
23,13,1.0
21,13,3.0
20,13,3.0
4,13,1.0
26,13,4.0
19,13,2.0
3,13,4.0
12,13,5.0
8,13,4.0
3,13,1.0
11,13,4.0
30,13,4.0
28,13,3.0
29,13,4.0
12,13,4.0
14,13,2.0
21,13,1.0
14,13,5.0
17,13,3.0
14,13,5.0
9,13,3.0
23,13,2.0
23,13,4.0
12,13,2.0
19,13,4.0
20,13,4.0
5,13,5.0
30,13,4.0
15,13,4.0
10,13,5.0
6,13,3.0
15,13,2.0
24,13,3.0
9,13,2.0
26,13,4.0
19,13,3.0
12,13,5.0
15,13,3.0
29,13,5.0
14,13,2.0
25,13,4.0
29,13,4.0
10,13,5.0
17,13,5.0
16,13,5.0
7,13,3.0
22,13,4.0
25,13,1.0
24,13,2.0
5,14,5.0
28,14,4.0
4,14,5.0
13,14,2.0
17,14,5.0
24,14,3.0
6,14,5.0
28,14,3.0
21,14,5.0
24,14,2.0
26,14,4.0
27,14,5.0
18,14,4.0
20,14,5.0
21,14,4.0
25,14,3.0
22,14,4.0
3,14,5.0
10,14,3.0
4,14,5.0
8,14,3.0
5,14,4.0
21,14,2.0
23,14,3.0
15,14,4.0
25,14,4.0
7,14,3.0
23,14,4.0
12,14,4.0
24,14,2.0
26,14,5.0
30,14,4.0
25,14,3.0
3,14,3.0
18,14,1.0
12,14,4.0
13,14,3.0
12,14,3.0
13,14,5.0
23,14,1.0
11,14,5.0
6,14,4.0
14,14,3.0
26,14,4.0
11,14,4.0
24,14,3.0
18,14,3.0
27,14,4.0
13,14,4.0
4,14,3.0
25,14,4.0
25,14,5.0
6,14,4.0
6,14,2.0
26,14,4.0
29,14,4.0
25,14,4.0
19,14,3.0
4,14,5.0
27,14,5.0
23,14,3.0
30,14,5.0
21,14,3.0
21,14,5.0
26,14,4.0
30,14,5.0
4,14,4.0
27,14,4.0
14,14,3.0
29,14,4.0
30,14,4.0
30,14,4.0
12,14,3.0
3,14,2.0
23,14,5.0
3,14,3.0
26,14,5.0
22,14,4.0
21,14,5.0
9,14,4.0
5,14,3.0
30,14,3.0
10,14,5.0
5,14,3.0
13,14,4.0
4,14,2.0
28,14,5.0
26,14,3.0
25,14,1.0
11,14,1.0
4,14,1.0
26,14,4.0
24,14,4.0
13,14,2.0
9,14,5.0
15,14,3.0
4,14,2.0
23,14,5.0
11,14,5.0
13,14,4.0
12,14,5.0
19,14,5.0
24,14,4.0
25,14,3.0
13,14,5.0
28,14,3.0
9,14,2.0
24,14,4.0
8,14,4.0
13,14,4.0
14,14,2.0
19,14,4.0
24,14,5.0
27,14,5.0
24,14,4.0
24,14,4.0
26,14,3.0
12,14,5.0
28,14,5.0
12,14,3.0
20,14,1.0
27,14,4.0
19,14,5.0
17,14,3.0
3,14,3.0
25,14,3.0
3,14,3.0
7,14,5.0
20,14,2.0
21,14,4.0
30,14,3.0
6,14,4.0
19,14,4.0
26,14,1.0
19,14,2.0
9,14,4.0
30,14,1.0
21,14,5.0
19,14,5.0
16,14,3.0
25,14,3.0
17,14,4.0
28,14,5.0
14,14,3.0
21,14,4.0
27,14,4.0
6,14,1.0
8,14,3.0
18,14,3.0
4,14,4.0
25,14,3.0
22,14,3.0
23,14,3.0
17,14,4.0
29,14,4.0
13,14,4.0
12,14,3.0
24,14,5.0
18,14,3.0
9,14,5.0
6,14,1.0
15,14,1.0
11,14,4.0
9,14,3.0
24,14,5.0
9,14,5.0
6,14,4.0
22,14,3.0
14,14,2.0
10,14,3.0
17,14,2.0
28,14,3.0
27,14,4.0
12,14,4.0
5,14,4.0
25,14,5.0
15,14,3.0
4,14,2.0
7,14,2.0
5,14,2.0
8,14,4.0
19,14,3.0
26,14,5.0
21,14,4.0
27,14,2.0
29,14,3.0
6,14,4.0
13,14,3.0
15,14,3.0
3,14,5.0
30,14,4.0
28,14,3.0
11,14,4.0
23,14,5.0
6,14,5.0
28,14,4.0
29,14,5.0
16,14,5.0
25,14,4.0
8,14,4.0
30,14,4.0
4,14,2.0
30,14,3.0
8,14,5.0
26,14,4.0
24,14,2.0
15,14,2.0
29,14,3.0
12,14,5.0
3,14,4.0
14,14,3.0
25,14,4.0
5,14,4.0
19,14,2.0
5,14,3.0
26,14,3.0
24,14,4.0
8,14,5.0
22,14,3.0
5,14,1.0
17,14,3.0
26,14,3.0
13,14,3.0
26,14,3.0
9,14,3.0
3,14,5.0
15,14,3.0
29,14,5.0
27,14,4.0
26,14,3.0
11,14,2.0
20,14,5.0
22,14,4.0
18,14,5.0
21,14,3.0
15,14,3.0
15,14,5.0
28,14,3.0
13,14,3.0
3,14,4.0
5,14,3.0
9,14,3.0
12,14,5.0
5,14,3.0
7,14,4.0
29,14,5.0
23,14,4.0
9,14,3.0
10,14,4.0
16,14,2.0
18,14,2.0
10,14,5.0
12,14,4.0
18,14,3.0
6,14,2.0
4,14,1.0
5,14,3.0
7,14,4.0
17,14,5.0
14,14,5.0
28,14,5.0
29,14,5.0
4,14,1.0
16,14,4.0
27,14,4.0
25,14,3.0
29,14,2.0
16,14,4.0
9,14,4.0
21,14,3.0
12,14,4.0
20,14,3.0
18,14,3.0
10,14,1.0
20,14,1.0
7,14,2.0
13,14,4.0
22,14,5.0
14,14,5.0
7,14,5.0
21,14,2.0
12,14,5.0
9,14,2.0
25,14,2.0
8,14,4.0
14,14,3.0
29,14,5.0
29,14,2.0
5,14,3.0
19,14,1.0
21,14,5.0
27,14,3.0
28,14,3.0
15,14,4.0
21,14,4.0
25,14,4.0
12,14,3.0
15,14,4.0
8,14,5.0
20,14,3.0
25,14,3.0
16,14,5.0
16,14,4.0
29,14,3.0
21,14,3.0
13,14,4.0
6,14,1.0
14,14,3.0
26,14,4.0
26,14,3.0
12,14,2.0
8,14,5.0
18,14,4.0
27,14,4.0
10,14,4.0
28,14,4.0
12,14,2.0
22,14,1.0
23,14,2.0
23,14,2.0
9,14,3.0
17,14,4.0
19,14,4.0
18,14,3.0
22,14,3.0
28,14,5.0
17,14,4.0
15,14,4.0
17,14,5.0
12,14,1.0
21,14,3.0
20,14,3.0
27,14,5.0
27,14,5.0
10,14,5.0
15,14,4.0
22,14,5.0
9,14,4.0
10,14,3.0
24,14,4.0
8,14,3.0
20,14,2.0
17,14,4.0
25,14,4.0
22,14,1.0
23,14,5.0
21,14,3.0
27,14,4.0
30,14,4.0
26,14,4.0
4,14,3.0
11,14,3.0
24,14,2.0
4,14,5.0
5,14,4.0
23,14,1.0
20,14,3.0
3,14,5.0
25,14,4.0
16,14,4.0
21,14,2.0
23,14,4.0
16,14,5.0
21,14,5.0
25,14,5.0
17,14,5.0
11,14,3.0
23,14,4.0
17,14,3.0
26,14,3.0
18,14,3.0
26,14,5.0
28,14,5.0
4,14,4.0
7,14,2.0
28,14,3.0
11,14,4.0
12,14,3.0
16,14,2.0
20,14,1.0
11,14,5.0
7,14,1.0
26,14,4.0
4,14,2.0
24,14,5.0
10,14,3.0
15,14,4.0
5,14,4.0
15,14,2.0
26,14,3.0
30,14,3.0
26,14,4.0
17,14,4.0
26,14,3.0
11,14,5.0
20,14,2.0
23,14,5.0
30,14,1.0
15,14,1.0
3,14,3.0
21,15,5.0
21,15,4.0
10,15,4.0
12,15,5.0
12,15,3.0
27,15,1.0
17,15,3.0
24,15,3.0
16,15,3.0
6,15,4.0
5,15,4.0
18,15,3.0
27,15,5.0
14,15,4.0
8,15,4.0
6,15,5.0
30,15,3.0
25,15,4.0
11,15,2.0
29,15,5.0
19,15,5.0
28,15,5.0
5,15,4.0
10,15,5.0
5,15,3.0
13,15,5.0
30,15,3.0
16,15,4.0
23,15,5.0
28,15,2.0
29,15,2.0
25,15,3.0
23,15,4.0
14,15,4.0
9,15,3.0
24,15,4.0
10,15,4.0
23,15,2.0
4,15,4.0
29,15,4.0
26,15,5.0
16,15,2.0
15,15,3.0
18,15,4.0
7,15,5.0
28,15,4.0
8,15,4.0
17,15,2.0
19,15,4.0
6,15,5.0
14,15,3.0
21,15,4.0
26,15,5.0
10,15,5.0
12,15,5.0
29,15,4.0
8,15,4.0
16,15,5.0
14,15,3.0
4,15,2.0
23,15,5.0
22,15,4.0
11,15,5.0
15,15,2.0
20,15,4.0
11,15,1.0
10,15,4.0
10,15,4.0
6,15,5.0
12,15,3.0
25,15,4.0
13,15,4.0
13,15,4.0
18,15,5.0
14,15,2.0
10,15,3.0
21,15,5.0
10,15,5.0
21,15,3.0
30,15,5.0
8,15,3.0
19,15,4.0
24,15,3.0
8,15,5.0
26,15,3.0
10,15,3.0
8,15,4.0
8,15,4.0
5,15,5.0
18,15,5.0
29,15,3.0
9,15,2.0
10,15,5.0
30,15,3.0
25,15,4.0
30,15,2.0
12,15,4.0
23,15,2.0
17,15,1.0
24,15,5.0
22,15,3.0
17,15,3.0
7,15,2.0
23,15,2.0
23,15,5.0
23,15,3.0
3,15,5.0
11,15,3.0
12,15,4.0
10,15,3.0
4,15,3.0
19,15,4.0
6,15,3.0
28,15,4.0
29,15,5.0
17,15,4.0
24,15,4.0
21,15,4.0
28,15,5.0
19,15,2.0
10,15,2.0
30,15,5.0
14,15,4.0
12,15,4.0
28,15,4.0
23,15,3.0
28,15,5.0
23,15,4.0
17,15,2.0
12,15,4.0
28,15,3.0
9,15,4.0
11,15,4.0
12,15,2.0
22,15,4.0
27,15,2.0
29,15,4.0
26,15,5.0
28,15,3.0
21,15,5.0
26,15,2.0
18,15,4.0
22,15,5.0
7,15,5.0
26,15,4.0
27,15,3.0
8,15,5.0
17,15,5.0
3,15,5.0
20,15,3.0
16,15,3.0
5,15,5.0
8,15,4.0
23,15,2.0
8,15,2.0
19,15,5.0
4,15,4.0
24,15,5.0
5,15,3.0
17,15,3.0
15,15,5.0
23,15,3.0
16,15,2.0
13,15,4.0
18,15,3.0
25,15,4.0
17,15,4.0
11,15,4.0
18,15,4.0
16,15,4.0
13,15,1.0
24,15,5.0
19,15,4.0
3,15,4.0
10,15,2.0
8,15,4.0
18,15,2.0
7,15,2.0
24,15,5.0
26,15,4.0
12,15,4.0
27,15,4.0
29,15,4.0
21,15,3.0
7,15,4.0
20,15,5.0
30,15,3.0
28,15,4.0
3,15,5.0
25,15,5.0
27,15,3.0
18,15,2.0
19,15,5.0
11,15,3.0
22,15,3.0
24,15,4.0
24,15,4.0
25,15,4.0
25,15,4.0
5,15,2.0
10,15,3.0
8,15,1.0
8,15,2.0
25,15,3.0
25,15,2.0
12,15,4.0
20,15,3.0
10,15,4.0
27,15,4.0
20,15,4.0
20,15,5.0
12,15,4.0
5,15,2.0
15,15,2.0
20,15,4.0
28,15,5.0
20,15,5.0
13,15,4.0
8,15,3.0
25,15,3.0
3,15,3.0
23,15,2.0
30,15,5.0
4,15,4.0
18,15,4.0
28,15,5.0
22,15,5.0
29,15,3.0
18,15,4.0
9,15,4.0
15,15,2.0
17,15,4.0
16,15,3.0
23,15,2.0
27,15,4.0
9,15,5.0
19,15,3.0
15,15,3.0
7,15,5.0
6,15,3.0
4,15,4.0
25,15,2.0
28,15,4.0
16,15,4.0
19,15,5.0
13,15,4.0
6,15,4.0
17,15,5.0
25,15,3.0
29,15,5.0
16,15,1.0
16,15,3.0
30,15,4.0
19,15,3.0
19,15,3.0
26,15,5.0
24,15,3.0
24,15,3.0
3,15,4.0
21,15,4.0
10,15,2.0
22,15,4.0
10,15,5.0
16,15,3.0
24,15,3.0
20,15,3.0
21,15,5.0
8,15,4.0
11,15,3.0
9,15,5.0
17,15,4.0
23,15,2.0
20,15,3.0
22,15,4.0
29,15,4.0
14,15,4.0
9,15,4.0
23,15,5.0
21,15,4.0
8,15,3.0
26,15,5.0
28,15,4.0
3,15,2.0
26,15,4.0
30,15,2.0
4,15,4.0
3,15,5.0
3,15,2.0
18,15,2.0
10,15,1.0
28,15,5.0
8,15,2.0
19,15,4.0
13,15,2.0
29,15,5.0
3,15,5.0
10,15,2.0
28,15,1.0
16,15,3.0
6,15,2.0
29,15,2.0
4,15,3.0
30,15,4.0
16,15,5.0
21,15,4.0
15,15,3.0
14,15,4.0
8,15,4.0
3,15,4.0
20,15,4.0
10,15,4.0
15,15,5.0
5,15,4.0
6,15,3.0
24,15,5.0
20,15,3.0
25,15,5.0
13,15,3.0
15,15,4.0
24,15,3.0
19,15,3.0
17,15,1.0
26,15,3.0
18,15,4.0
23,15,3.0
4,15,3.0
27,15,4.0
22,15,5.0
22,15,4.0
8,15,5.0
6,15,4.0
18,15,3.0
22,15,5.0
5,15,4.0
27,15,4.0
6,15,3.0
14,15,5.0
4,15,5.0
6,15,4.0
24,15,4.0
11,15,4.0
24,15,3.0
22,15,3.0
6,15,4.0
24,15,3.0
19,15,5.0
14,15,5.0
14,15,5.0
18,15,4.0
10,15,5.0
9,15,1.0
7,15,4.0
27,15,2.0
14,15,5.0
20,15,3.0
27,15,3.0
3,15,2.0
18,15,3.0
16,15,5.0
8,15,4.0
15,15,3.0
8,15,5.0
8,15,4.0
7,15,1.0
18,15,3.0
26,15,2.0
13,15,4.0
12,15,3.0
25,15,4.0
29,15,4.0
19,15,2.0
21,15,3.0
10,15,4.0
23,15,5.0
10,15,4.0
30,15,3.0
12,15,3.0
22,15,5.0
23,15,2.0
11,15,5.0
8,15,5.0
15,15,2.0
11,15,4.0
18,15,5.0
10,15,4.0
23,15,4.0
13,15,3.0
11,15,5.0
16,15,3.0
27,15,2.0
14,15,2.0
17,15,4.0
11,15,3.0
17,15,3.0
12,15,5.0
24,15,2.0
5,15,3.0
22,15,5.0
17,15,3.0
27,15,4.0
6,16,4.0
25,16,2.0
6,16,2.0
6,16,5.0
5,16,2.0
30,16,3.0
22,16,3.0
10,16,3.0
11,16,5.0
12,16,5.0
10,16,4.0
16,16,5.0
12,16,3.0
18,16,4.0
14,16,3.0
9,16,1.0
15,16,4.0
18,16,4.0
16,16,4.0
18,16,5.0
28,16,4.0
17,16,3.0
17,16,4.0
10,16,2.0
26,16,4.0
10,16,4.0
13,16,4.0
4,16,5.0
5,16,5.0
16,16,3.0
25,16,5.0
29,16,3.0
5,16,5.0
24,16,5.0
4,16,3.0
5,16,3.0
23,16,4.0
10,16,5.0
10,16,2.0
13,16,4.0
4,16,3.0
8,16,4.0
3,16,5.0
22,16,4.0
9,16,3.0
21,16,4.0
15,16,4.0
14,16,1.0
23,16,4.0
6,16,2.0
12,16,4.0
8,16,4.0
10,16,1.0
4,16,5.0
22,16,4.0
21,16,4.0
3,16,4.0
18,16,2.0
19,16,5.0
18,16,4.0
28,16,2.0
14,16,4.0
26,16,2.0
24,16,3.0
28,16,4.0
26,16,4.0
21,16,4.0
8,16,3.0
20,16,5.0
24,16,4.0
7,16,5.0
11,16,3.0
12,16,3.0
19,16,2.0
14,16,3.0
5,16,3.0
9,16,4.0
30,16,5.0
18,16,1.0
20,16,3.0
25,16,5.0
11,16,5.0
30,16,3.0
7,16,5.0
20,16,4.0
3,16,5.0
23,16,5.0
22,16,4.0
15,16,4.0
30,16,1.0
9,16,5.0
15,16,3.0
11,16,5.0
28,16,3.0
23,16,3.0
22,16,4.0
18,16,4.0
9,16,3.0
17,16,2.0
28,16,3.0
15,16,3.0
14,16,4.0
16,16,2.0
24,16,5.0
17,16,3.0
16,16,5.0
30,16,3.0
15,16,4.0
16,16,5.0
17,16,1.0
5,16,3.0
16,16,4.0
29,16,3.0
22,16,2.0
17,16,4.0
12,16,5.0
12,16,3.0
29,16,3.0
8,16,2.0
27,16,4.0
14,16,4.0
27,16,2.0
30,16,4.0
28,16,3.0
17,16,3.0
8,16,1.0
16,16,5.0
11,16,5.0
24,16,5.0
14,16,4.0
23,16,1.0
6,16,5.0
11,16,4.0
8,16,2.0
12,16,1.0
8,16,3.0
9,16,5.0
9,16,5.0
7,16,4.0
4,16,2.0
5,16,4.0
9,16,4.0
10,16,4.0
19,16,5.0
25,16,2.0
30,16,5.0
8,16,5.0
12,16,4.0
23,16,1.0
28,16,3.0
18,16,5.0
18,16,3.0
30,16,4.0
27,16,3.0
22,16,4.0
10,16,4.0
20,16,5.0
12,16,4.0
11,16,2.0
6,16,5.0
20,16,4.0
20,16,4.0
8,16,4.0
8,16,5.0
20,16,3.0
3,16,2.0
21,16,5.0
8,16,3.0
9,16,4.0
6,16,5.0
4,16,4.0
7,16,4.0
12,16,4.0
26,16,5.0
28,16,4.0
23,16,3.0
23,16,4.0
11,16,3.0
11,16,5.0
23,16,2.0
25,16,5.0
14,16,3.0
22,16,1.0
18,16,4.0
28,16,3.0
23,16,4.0
4,16,4.0
9,16,1.0
6,16,4.0
12,16,3.0
9,16,4.0
7,16,4.0
14,16,1.0
11,16,3.0
21,16,3.0
22,16,5.0
14,16,4.0
29,16,4.0
8,16,3.0
30,16,4.0
4,16,4.0
24,16,4.0
17,16,5.0
22,16,5.0
20,16,4.0
16,16,5.0
14,16,4.0
6,16,4.0
12,16,5.0
19,16,5.0
7,16,3.0
24,16,4.0
20,16,2.0
5,16,3.0
28,16,4.0
6,16,4.0
17,16,4.0
11,16,3.0
28,16,4.0
11,16,4.0
25,16,3.0
16,16,1.0
5,16,2.0
5,16,3.0
15,16,3.0
3,16,5.0
8,16,3.0
23,16,3.0
18,16,3.0
27,16,3.0
9,16,4.0
5,16,4.0
16,16,2.0
19,16,3.0
15,16,2.0
25,16,4.0
21,16,2.0
21,16,4.0
20,16,3.0
9,16,5.0
29,16,3.0
17,16,3.0
16,16,2.0
7,16,4.0
21,16,3.0
3,16,4.0
11,16,4.0
23,16,5.0
16,16,4.0
25,16,5.0
7,16,2.0
5,16,1.0
14,16,3.0
14,16,4.0
13,16,4.0
22,16,3.0
25,16,1.0
19,16,4.0
28,16,4.0
21,16,5.0
13,16,3.0
15,16,5.0
28,16,3.0
9,16,4.0
29,16,1.0
24,16,2.0
5,16,3.0
19,16,3.0
26,16,1.0
6,16,1.0
16,16,3.0
4,16,5.0
18,16,4.0
21,16,3.0
25,16,5.0
7,16,2.0
26,16,4.0
23,16,3.0
30,16,3.0
17,16,3.0
20,16,2.0
21,16,4.0
9,16,2.0
16,16,3.0
11,16,5.0
5,16,4.0
12,16,3.0
29,16,2.0
30,16,3.0
30,16,3.0
24,16,2.0
9,16,4.0
12,16,4.0
7,16,4.0
13,16,4.0
10,16,3.0
5,16,5.0
10,16,4.0
14,16,5.0
18,16,5.0
12,16,3.0
15,16,3.0
21,16,1.0
26,16,3.0
15,16,4.0
6,16,1.0
8,16,4.0
11,16,3.0
11,16,1.0
16,16,4.0
7,16,3.0
7,16,3.0
19,16,3.0
27,16,5.0
18,16,1.0
6,16,5.0
23,16,3.0
26,16,2.0
7,16,4.0
6,16,3.0
8,16,3.0
3,16,4.0
25,16,5.0
29,16,4.0
11,16,5.0
6,16,5.0
26,16,4.0
19,16,5.0
19,16,2.0
21,16,5.0
30,16,3.0
6,16,5.0
24,16,4.0
16,16,3.0
6,16,1.0
15,16,3.0
16,16,3.0
6,16,4.0
23,16,5.0
7,16,4.0
19,16,1.0
3,16,5.0
14,16,4.0
18,16,4.0
19,16,3.0
26,16,3.0
16,16,4.0
28,16,5.0
29,16,5.0
3,16,3.0
21,16,3.0
16,16,2.0
11,16,3.0
9,16,5.0
21,16,4.0
14,16,4.0
23,16,5.0
23,16,5.0
11,16,4.0
9,16,1.0
20,16,5.0
5,16,5.0
20,16,5.0
20,16,5.0
23,16,2.0
16,16,4.0
6,16,4.0
27,16,3.0
14,16,5.0
13,16,3.0
6,16,3.0
12,16,2.0
14,16,4.0
22,16,2.0
9,16,4.0
13,16,4.0
19,16,4.0
24,16,4.0
8,16,3.0
13,16,3.0
24,16,2.0
29,16,4.0
4,16,2.0
14,16,3.0
6,16,4.0
10,16,4.0
3,16,3.0
26,16,5.0
12,16,2.0
6,16,5.0
12,16,4.0
11,16,4.0
3,16,3.0
4,16,1.0
22,16,5.0
24,16,3.0
25,16,4.0
29,16,3.0
24,16,3.0
18,16,5.0
14,17,3.0
22,17,3.0
19,17,2.0
29,17,4.0
24,17,3.0
8,17,5.0
12,17,3.0
4,17,5.0
18,17,3.0
28,17,4.0
21,17,5.0
21,17,3.0
9,17,4.0
19,17,3.0
30,17,4.0
9,17,1.0
17,17,2.0
17,17,3.0
19,17,4.0
12,17,5.0
17,17,4.0
7,17,5.0
8,17,5.0
29,17,4.0
18,17,3.0
22,17,5.0
10,17,2.0
27,17,4.0
27,17,4.0
30,17,4.0
22,17,2.0
3,17,3.0
23,17,4.0
28,17,3.0
22,17,4.0
5,17,4.0
5,17,5.0
30,17,4.0
18,17,4.0
25,17,5.0
10,17,3.0
17,17,1.0
18,17,5.0
13,17,2.0
4,17,4.0
17,17,3.0
18,17,2.0
3,17,5.0
27,17,5.0
28,17,3.0
4,17,3.0
15,17,3.0
23,17,5.0
30,17,5.0
12,17,4.0
14,17,4.0
18,17,4.0
8,17,4.0
4,17,5.0
12,17,1.0
14,17,5.0
26,17,4.0
7,17,5.0
20,17,4.0
7,17,4.0
18,17,4.0
14,17,4.0
17,17,3.0
23,17,4.0
17,17,3.0
30,17,5.0
11,17,3.0
6,17,5.0
4,17,2.0
7,17,5.0
24,17,2.0
17,17,1.0
29,17,5.0
30,17,4.0
4,17,4.0
10,17,4.0
29,17,3.0
27,17,5.0
5,17,2.0
6,17,5.0
14,17,2.0
20,17,5.0
20,17,4.0
13,17,4.0
19,17,2.0
25,17,4.0
6,17,5.0
15,17,5.0
13,17,4.0
20,17,3.0
25,17,1.0
5,17,4.0
13,17,3.0
5,17,5.0
28,17,5.0
22,17,3.0
22,17,4.0
26,17,4.0
22,17,3.0
4,17,4.0
3,17,3.0
26,17,4.0
8,17,3.0
4,17,2.0
3,17,3.0
13,17,5.0
11,17,4.0
15,17,5.0
7,17,2.0
7,17,4.0
25,17,2.0
20,17,5.0
28,17,3.0
21,17,4.0
24,17,5.0
18,17,5.0
10,17,3.0
29,17,5.0
17,17,4.0
10,17,5.0
17,17,4.0
29,17,2.0
29,17,5.0
24,17,5.0
17,17,4.0
24,17,4.0
13,17,3.0
7,17,2.0
18,17,3.0
13,17,4.0
13,17,3.0
15,17,3.0
16,17,4.0
27,17,5.0
6,17,2.0
20,17,5.0
10,17,5.0
28,17,1.0
28,17,4.0
17,17,4.0
26,17,5.0
3,17,5.0
30,17,3.0
25,17,4.0
18,17,5.0
9,17,3.0
30,17,5.0
17,17,3.0
27,17,4.0
9,17,1.0
30,17,4.0
11,17,1.0
22,17,2.0
24,17,4.0
5,17,1.0
26,17,5.0
13,17,4.0
13,17,2.0
8,17,4.0
28,17,2.0
17,17,5.0
4,17,3.0
18,17,5.0
4,17,3.0
21,17,3.0
26,17,3.0
27,17,2.0
7,17,4.0
16,17,3.0
4,17,4.0
25,17,2.0
20,17,4.0
29,17,5.0
22,17,3.0
21,17,2.0
27,17,5.0
6,17,3.0
16,17,4.0
12,17,2.0
8,17,5.0
25,17,2.0
20,17,3.0
28,17,5.0
5,17,1.0
5,17,4.0
7,17,3.0
14,17,4.0
19,17,4.0
9,17,3.0
17,17,3.0
8,17,2.0
20,17,4.0
9,17,5.0
22,17,2.0
19,17,5.0
26,17,5.0
13,17,2.0
7,17,5.0
9,17,4.0
15,17,1.0
23,17,4.0
16,17,4.0
12,17,2.0
26,17,3.0
3,17,3.0
17,17,4.0
10,17,5.0
7,17,3.0
26,17,5.0
28,17,3.0
15,17,5.0
26,17,5.0
3,17,5.0
19,17,3.0
25,17,3.0
3,17,3.0
28,17,4.0
22,17,3.0
4,17,4.0
12,17,4.0
10,17,5.0
20,17,4.0
26,17,3.0
28,17,4.0
12,17,4.0
6,17,3.0
20,17,2.0
12,17,3.0
22,17,4.0
28,17,1.0
19,17,3.0
29,17,1.0
25,17,2.0
16,17,4.0
22,17,4.0
5,17,3.0
17,17,4.0
5,17,3.0
14,17,5.0
12,17,3.0
27,17,5.0
20,17,4.0
24,17,5.0
14,17,5.0
20,17,1.0
25,17,3.0
28,17,1.0
27,17,2.0
24,17,3.0
8,17,4.0
4,17,4.0
3,17,4.0
30,17,3.0
29,17,5.0
23,17,4.0
13,17,4.0
24,17,2.0
7,17,5.0
22,17,2.0
22,17,3.0
29,17,5.0
18,17,3.0
17,17,4.0
26,17,4.0
22,17,4.0
16,17,4.0
18,17,4.0
11,17,5.0
8,17,5.0
20,17,3.0
26,17,5.0
25,17,3.0
10,17,3.0
5,17,5.0
27,17,5.0
21,17,3.0
9,17,5.0
15,17,4.0
15,17,4.0
19,17,3.0
22,17,3.0
3,17,3.0
27,17,5.0
22,17,5.0
22,17,3.0
4,17,3.0
22,17,4.0
5,17,3.0
8,17,5.0
17,17,3.0
16,17,4.0
12,17,4.0
24,17,5.0
19,17,4.0
11,17,4.0
25,17,4.0
12,17,5.0
24,17,3.0
13,17,4.0
19,17,4.0
19,17,4.0
7,17,2.0
22,17,5.0
6,17,5.0
12,17,4.0
23,17,3.0
8,17,5.0
9,17,3.0
23,17,3.0
9,17,3.0
7,17,2.0
15,17,4.0
8,17,5.0
18,17,4.0
19,17,5.0
12,17,3.0
20,17,1.0
5,17,3.0
4,17,3.0
27,17,5.0
4,17,3.0
23,17,5.0
27,17,4.0
12,17,5.0
16,17,5.0
28,17,4.0
5,17,3.0
20,17,5.0
6,17,1.0
20,17,3.0
14,17,3.0
13,17,4.0
4,17,4.0
13,17,5.0
7,17,3.0
23,17,5.0
5,17,3.0
16,17,4.0
24,17,4.0
22,17,5.0
28,17,5.0
17,17,4.0
4,17,4.0
27,17,3.0
7,17,5.0
26,17,5.0
17,17,2.0
17,17,4.0
29,17,1.0
26,17,3.0
29,17,3.0
25,17,1.0
15,17,3.0
4,17,5.0
3,17,4.0
13,17,4.0
16,17,3.0
14,17,4.0
7,17,3.0
7,17,4.0
17,17,4.0
19,17,3.0
23,17,4.0
13,17,4.0
3,17,3.0
28,17,3.0
18,17,4.0
15,17,1.0
17,17,4.0
18,17,4.0
25,17,1.0
25,17,5.0
9,17,3.0
12,17,3.0
22,17,1.0
6,17,4.0
21,17,5.0
11,17,4.0
3,17,5.0
28,17,5.0
8,17,3.0
19,17,5.0
20,17,5.0
19,17,3.0
17,17,4.0
3,17,5.0
21,17,4.0
7,17,1.0
30,17,5.0
28,17,5.0
8,17,5.0
30,17,3.0
16,17,5.0
8,17,5.0
4,17,1.0
9,18,3.0
19,18,4.0
23,18,2.0
29,18,2.0
7,18,4.0
3,18,2.0
8,18,5.0
25,18,3.0
24,18,4.0
24,18,5.0
14,18,4.0
22,18,5.0
6,18,5.0
8,18,1.0
20,18,3.0
24,18,4.0
19,18,5.0
12,18,4.0
13,18,4.0
4,18,3.0
19,18,4.0
18,18,2.0
4,18,2.0
24,18,4.0
13,18,5.0
4,18,3.0
4,18,3.0
22,18,4.0
5,18,3.0
12,18,5.0
22,18,4.0
17,18,2.0
24,18,3.0
8,18,3.0
21,18,3.0
27,18,5.0
13,18,3.0
4,18,5.0
25,18,3.0
27,18,5.0
21,18,3.0
21,18,4.0
16,18,2.0
7,18,2.0
20,18,3.0
26,18,4.0
15,18,4.0
12,18,3.0
10,18,5.0
3,18,3.0
6,18,5.0
27,18,3.0
23,18,5.0
17,18,1.0
13,18,4.0
26,18,5.0
7,18,2.0
22,18,5.0
10,18,5.0
13,18,4.0
25,18,4.0
30,18,3.0
24,18,3.0
30,18,4.0
30,18,5.0
11,18,4.0
24,18,5.0
7,18,3.0
12,18,4.0
7,18,4.0
26,18,3.0
23,18,4.0
4,18,4.0
11,18,3.0
3,18,4.0
17,18,3.0
19,18,4.0
26,18,3.0
18,18,5.0
9,18,4.0
30,18,4.0
16,18,2.0
6,18,5.0
6,18,5.0
4,18,4.0
11,18,5.0
11,18,2.0
8,18,4.0
22,18,1.0
29,18,5.0
27,18,4.0
13,18,3.0
11,18,5.0
18,18,5.0
20,18,2.0
9,18,3.0
11,18,4.0
18,18,4.0
5,18,3.0
12,18,4.0
30,18,3.0
17,18,3.0
11,18,3.0
15,18,3.0
26,18,3.0
6,18,5.0
10,18,5.0
25,18,5.0
26,18,2.0
30,18,4.0
16,18,4.0
20,18,4.0
10,18,5.0
13,18,4.0
24,18,3.0
12,18,5.0
19,18,3.0
22,18,3.0
25,18,3.0
30,18,4.0
4,18,5.0
11,18,5.0
7,18,2.0
6,18,2.0
29,18,4.0
17,18,2.0
16,18,4.0
19,18,5.0
30,18,4.0
14,18,3.0
6,18,4.0
20,18,3.0
25,18,3.0
9,18,4.0
7,18,4.0
17,18,5.0
20,18,3.0
14,18,3.0
27,18,5.0
20,18,3.0
12,18,3.0
11,18,5.0
22,18,4.0
28,18,5.0
30,18,4.0
22,18,4.0
29,18,4.0
14,18,5.0
3,18,3.0
23,18,3.0
17,18,4.0
19,18,3.0
6,18,5.0
17,18,4.0
9,18,4.0
28,18,5.0
29,18,4.0
18,18,4.0
19,18,3.0
12,18,2.0
9,18,5.0
10,18,4.0
10,18,5.0
7,18,3.0
27,18,5.0
7,18,4.0
21,18,2.0
7,18,5.0
9,18,4.0
20,18,4.0
7,18,5.0
22,18,5.0
23,18,4.0
16,18,4.0
19,18,4.0
16,18,5.0
13,18,2.0
14,18,4.0
15,18,5.0
30,18,4.0
11,18,5.0
29,18,4.0
19,18,5.0
27,18,2.0
12,18,4.0
26,18,2.0
25,18,4.0
9,18,1.0
3,18,4.0
4,18,4.0
4,18,3.0
13,18,5.0
28,18,1.0
3,18,1.0
4,18,2.0
23,18,3.0
18,18,4.0
13,18,2.0
12,18,4.0
12,18,4.0
5,18,3.0
4,18,3.0
12,18,5.0
5,18,3.0
19,18,3.0
23,18,3.0
17,18,3.0
7,18,3.0
25,18,5.0
24,18,4.0
8,18,4.0
6,18,4.0
5,18,2.0
24,18,4.0
7,18,4.0
27,18,5.0
21,18,3.0
21,18,3.0
18,18,4.0
20,18,3.0
25,18,2.0
27,18,4.0
12,18,4.0
4,18,3.0
6,18,3.0
17,18,5.0
24,18,5.0
16,18,2.0
7,18,4.0
16,18,3.0
29,18,5.0
16,18,4.0
9,18,3.0
21,18,5.0
4,18,5.0
13,18,2.0
22,18,5.0
25,18,4.0
28,18,3.0
8,18,5.0
20,18,4.0
11,18,1.0
14,18,4.0
15,18,4.0
10,18,3.0
3,18,1.0
11,18,5.0
16,18,2.0
15,18,3.0
3,18,3.0
4,18,5.0
3,18,5.0
17,18,4.0
22,18,5.0
5,18,3.0
7,18,1.0
15,18,4.0
21,18,3.0
12,18,4.0
3,18,5.0
8,18,3.0
11,18,2.0
25,18,4.0
18,18,2.0
3,18,4.0
3,18,4.0
16,18,3.0
22,18,4.0
14,18,4.0
11,18,3.0
20,18,2.0
5,18,5.0
26,18,4.0
25,18,5.0
30,18,3.0
14,18,2.0
11,18,3.0
18,18,1.0
19,18,2.0
25,18,2.0
22,18,3.0
3,18,2.0
11,18,5.0
6,18,4.0
20,18,4.0
10,18,1.0
5,18,1.0
26,18,1.0
28,18,4.0
14,18,4.0
5,18,3.0
15,18,4.0
26,18,4.0
28,18,2.0
10,18,4.0
29,18,1.0
28,18,4.0
12,18,5.0
22,18,3.0
8,18,4.0
23,18,3.0
18,18,1.0
30,18,5.0
20,18,4.0
7,18,4.0
24,18,3.0
23,18,5.0
22,18,5.0
4,18,3.0
6,18,4.0
23,18,3.0
20,18,3.0
29,18,5.0
5,18,5.0
28,18,3.0
28,18,3.0
21,18,4.0
29,18,1.0
30,18,4.0
11,18,4.0
5,18,4.0
6,18,4.0
17,18,5.0
20,18,3.0
29,18,4.0
18,18,5.0
5,18,3.0
5,18,4.0
6,18,4.0
29,18,1.0
17,18,1.0
11,18,3.0
18,18,4.0
8,18,2.0
27,18,5.0
10,18,3.0
14,18,2.0
9,18,5.0
5,18,5.0
9,18,4.0
11,18,5.0
26,18,2.0
3,18,4.0
23,18,3.0
8,18,3.0
13,18,3.0
28,18,3.0
22,18,1.0
21,18,5.0
16,18,4.0
23,18,4.0
12,18,3.0
22,18,5.0
14,18,4.0
8,18,4.0
12,18,3.0
6,18,4.0
8,18,3.0
12,18,4.0
25,18,3.0
23,18,4.0
12,18,4.0
23,18,5.0
26,18,3.0
21,18,3.0
19,18,5.0
5,18,3.0
13,18,4.0
14,18,3.0
17,18,5.0
30,18,3.0
8,18,5.0
14,18,2.0
19,18,4.0
30,18,5.0
15,18,3.0
28,18,4.0
12,18,4.0
6,18,3.0
20,18,4.0
25,18,4.0
9,18,3.0
16,18,4.0
4,18,5.0
27,18,4.0
14,18,4.0
28,18,5.0
29,18,5.0
17,18,4.0
22,18,2.0
30,18,4.0
14,18,4.0
20,18,5.0
30,18,4.0
28,18,5.0
28,18,5.0
15,18,5.0
20,18,2.0
6,18,5.0
5,18,3.0
12,19,3.0
20,19,3.0
13,19,2.0
18,19,4.0
29,19,5.0
20,19,4.0
15,19,4.0
7,19,1.0
8,19,3.0
12,19,2.0
4,19,4.0
13,19,4.0
4,19,4.0
9,19,4.0
29,19,3.0
23,19,1.0
28,19,4.0
20,19,4.0
12,19,5.0
14,19,4.0
21,19,3.0
26,19,1.0
19,19,4.0
13,19,2.0
20,19,5.0
24,19,3.0
9,19,3.0
10,19,1.0
10,19,5.0
23,19,1.0
4,19,5.0
6,19,5.0
24,19,5.0
11,19,3.0
7,19,3.0
15,19,3.0
30,19,5.0
24,19,4.0
17,19,3.0
16,19,1.0
9,19,5.0
13,19,5.0
7,19,3.0
15,19,4.0
29,19,5.0
9,19,3.0
23,19,5.0
27,19,2.0
21,19,4.0
8,19,4.0
23,19,3.0
19,19,5.0
18,19,5.0
16,19,5.0
4,19,5.0
18,19,5.0
8,19,3.0
29,19,5.0
20,19,4.0
24,19,4.0
26,19,3.0
10,19,4.0
18,19,2.0
23,19,4.0
12,19,4.0
27,19,4.0
9,19,5.0
22,19,1.0
29,19,4.0
5,19,3.0
22,19,5.0
3,19,1.0
25,19,3.0
10,19,3.0
23,19,2.0
8,19,4.0
24,19,5.0
9,19,3.0
14,19,4.0
29,19,4.0
21,19,4.0
6,19,2.0
15,19,4.0
12,19,1.0
22,19,5.0
18,19,5.0
15,19,4.0
10,19,3.0
22,19,4.0
16,19,4.0
18,19,1.0
5,19,5.0
20,19,4.0
3,19,4.0
17,19,4.0
11,19,4.0
24,19,4.0
30,19,4.0
23,19,3.0
28,19,4.0
24,19,2.0
29,19,2.0
7,19,4.0
5,19,1.0
26,19,5.0
28,19,5.0
27,19,1.0
6,19,3.0
9,19,4.0
19,19,4.0
15,19,3.0
15,19,4.0
24,19,5.0
10,19,1.0
29,19,4.0
12,19,4.0
24,19,2.0
5,19,4.0
14,19,3.0
9,19,4.0
29,19,4.0
16,19,4.0
13,19,5.0
18,19,4.0
28,19,3.0
7,19,5.0
3,19,4.0
12,19,5.0
3,19,4.0
15,19,4.0
19,19,5.0
19,19,4.0
14,19,2.0
23,19,4.0
13,19,4.0
23,19,3.0
26,19,4.0
28,19,4.0
7,19,4.0
19,19,4.0
16,19,5.0
9,19,3.0
23,19,3.0
27,19,2.0
25,19,4.0
26,19,4.0
29,19,4.0
19,19,4.0
15,19,2.0
20,19,4.0
4,19,4.0
5,19,4.0
19,19,1.0
22,19,4.0
16,19,3.0
20,19,5.0
15,19,1.0
24,19,4.0
7,19,5.0
7,19,5.0
22,19,2.0
29,19,4.0
12,19,4.0
30,19,4.0
15,19,5.0
16,19,4.0
4,19,4.0
19,19,4.0
30,19,3.0
29,19,3.0
9,19,5.0
12,19,5.0
8,19,3.0
16,19,2.0
13,19,3.0
20,19,4.0
3,19,4.0
14,19,5.0
23,19,5.0
16,19,5.0
11,19,5.0
12,19,4.0
6,19,3.0
17,19,4.0
20,19,5.0
28,19,3.0
7,19,2.0
12,19,5.0
25,19,3.0
7,19,3.0
10,19,4.0
24,19,4.0
17,19,3.0
28,19,4.0
4,19,2.0
16,19,2.0
19,19,3.0
12,19,2.0
19,19,3.0
21,19,5.0
5,19,4.0
7,19,3.0
19,19,4.0
28,19,4.0
27,19,3.0
20,19,4.0
30,19,4.0
29,19,4.0
16,19,5.0
5,19,2.0
4,19,3.0
9,19,3.0
20,19,3.0
6,19,5.0
23,19,5.0
10,19,3.0
24,19,4.0
23,19,4.0
19,19,3.0
20,19,3.0
9,19,3.0
11,19,4.0
6,19,5.0
24,19,4.0
29,19,4.0
14,19,4.0
12,19,5.0
6,19,3.0
22,19,5.0
20,19,4.0
25,19,5.0
22,19,4.0
28,19,5.0
23,19,5.0
3,19,2.0
19,19,2.0
6,19,1.0
23,19,3.0
14,19,2.0
6,19,4.0
17,19,4.0
7,19,5.0
4,19,2.0
24,19,3.0
10,19,3.0
22,19,4.0
5,19,4.0
3,19,4.0
3,19,2.0
22,19,5.0
30,19,4.0
29,19,1.0
20,19,4.0
19,19,5.0
30,19,3.0
29,19,4.0
8,19,4.0
29,19,4.0
9,19,2.0
25,19,5.0
22,19,3.0
21,19,3.0
12,19,3.0
11,19,4.0
7,19,5.0
4,19,3.0
12,19,3.0
9,19,5.0
8,19,4.0
19,19,4.0
9,19,4.0
6,19,5.0
9,19,4.0
21,19,2.0
6,19,4.0
11,19,4.0
21,19,4.0
7,19,2.0
7,19,4.0
5,19,5.0
14,19,4.0
14,19,4.0
4,19,3.0
21,19,1.0
15,19,5.0
15,19,5.0
11,19,2.0
17,19,2.0
27,19,4.0
29,19,2.0
16,19,1.0
23,19,1.0
25,19,5.0
10,19,4.0
17,19,4.0
18,19,5.0
9,19,5.0
7,19,4.0
19,19,4.0
15,19,5.0
7,19,4.0
12,19,4.0
10,19,5.0
8,19,4.0
25,19,5.0
8,19,4.0
6,19,5.0
11,19,4.0
10,19,4.0
4,19,3.0
10,19,5.0
27,19,3.0
26,19,3.0
10,19,5.0
22,19,4.0
8,19,4.0
20,19,3.0
15,19,4.0
21,19,4.0
10,19,3.0
30,19,4.0
19,19,4.0
20,19,2.0
21,19,4.0
11,19,2.0
19,19,3.0
21,19,4.0
10,19,1.0
19,19,4.0
8,19,4.0
24,19,4.0
6,19,4.0
19,19,5.0
25,19,3.0
20,19,5.0
28,19,3.0
30,19,5.0
29,19,3.0
6,19,4.0
29,19,4.0
8,19,5.0
26,19,5.0
26,19,5.0
19,19,3.0
16,19,2.0
22,19,5.0
16,19,5.0
28,19,5.0
13,19,5.0
28,19,5.0
5,19,5.0
10,19,4.0
26,19,4.0
15,19,2.0
6,19,5.0
13,19,4.0
3,19,3.0
18,19,4.0
10,19,4.0
28,19,5.0
29,19,5.0
5,19,5.0
18,19,4.0
28,19,4.0
5,19,4.0
17,19,5.0
3,19,1.0
29,19,3.0
6,19,3.0
12,19,4.0
20,19,4.0
20,19,4.0
26,19,4.0
14,19,4.0
5,19,4.0
4,19,4.0
16,19,2.0
25,19,5.0
9,19,3.0
23,19,3.0
5,19,3.0
22,19,4.0
23,19,3.0
20,19,1.0
15,19,1.0
5,19,3.0
22,19,4.0
7,19,4.0
29,19,4.0
22,19,5.0
29,19,2.0
26,19,4.0
15,19,5.0
21,19,4.0
15,19,4.0
12,19,4.0
3,19,5.0
15,19,3.0
26,19,4.0
8,19,5.0
16,20,5.0
6,20,5.0
5,20,2.0
6,20,5.0
24,20,2.0
6,20,3.0
14,20,3.0
16,20,3.0
21,20,3.0
23,20,3.0
25,20,5.0
6,20,5.0
9,20,3.0
8,20,4.0
26,20,4.0
9,20,5.0
13,20,3.0
11,20,3.0
12,20,2.0
27,20,4.0
6,20,4.0
20,20,5.0
13,20,5.0
29,20,4.0
8,20,3.0
11,20,2.0
17,20,5.0
27,20,4.0
4,20,5.0
24,20,4.0
8,20,3.0
21,20,2.0
29,20,4.0
8,20,3.0
14,20,4.0
8,20,4.0
15,20,3.0
9,20,4.0
12,20,3.0
23,20,5.0
6,20,4.0
8,20,2.0
7,20,4.0
29,20,5.0
9,20,5.0
27,20,3.0
26,20,3.0
12,20,3.0
10,20,4.0
24,20,3.0
6,20,4.0
29,20,4.0
21,20,4.0
23,20,5.0
29,20,2.0
10,20,2.0
30,20,2.0
12,20,3.0
11,20,4.0
12,20,5.0
16,20,3.0
24,20,3.0
21,20,5.0
25,20,3.0
29,20,2.0
8,20,4.0
29,20,5.0
27,20,3.0
28,20,3.0
23,20,1.0
20,20,2.0
25,20,3.0
15,20,3.0
15,20,3.0
30,20,5.0
19,20,5.0
8,20,4.0
12,20,3.0
7,20,5.0
28,20,5.0
29,20,4.0
15,20,2.0
25,20,3.0
26,20,4.0
25,20,2.0
8,20,5.0
17,20,4.0
16,20,4.0
17,20,4.0
29,20,4.0
14,20,4.0
18,20,3.0
4,20,5.0
29,20,5.0
21,20,4.0
23,20,2.0
27,20,4.0
20,20,5.0
26,20,4.0
21,20,5.0
17,20,2.0
23,20,5.0
10,20,5.0
20,20,4.0
21,20,4.0
23,20,2.0
6,20,3.0
20,20,2.0
21,20,4.0
26,20,1.0
7,20,2.0
18,20,3.0
27,20,5.0
13,20,4.0
8,20,3.0
27,20,5.0
26,20,4.0
27,20,4.0
24,20,4.0
28,20,5.0
20,20,5.0
27,20,2.0
29,20,4.0
13,20,4.0
22,20,4.0
30,20,3.0
7,20,5.0
3,20,4.0
9,20,4.0
15,20,2.0
24,20,4.0
26,20,3.0
3,20,1.0
10,20,4.0
13,20,5.0
18,20,5.0
15,20,5.0
3,20,4.0
16,20,4.0
29,20,2.0
3,20,4.0
7,20,4.0
11,20,3.0
26,20,4.0
12,20,2.0
11,20,4.0
12,20,5.0
4,20,5.0
11,20,4.0
28,20,4.0
4,20,4.0
15,20,3.0
19,20,4.0
24,20,4.0
12,20,4.0
27,20,2.0
6,20,4.0
25,20,3.0
7,20,4.0
17,20,5.0
20,20,3.0
11,20,2.0
28,20,4.0
9,20,3.0
27,20,3.0
7,20,2.0
7,20,5.0
16,20,4.0
8,20,2.0
5,20,3.0
10,20,4.0
4,20,4.0
12,20,1.0
9,20,4.0
5,20,2.0
18,20,3.0
7,20,5.0
11,20,3.0
23,20,3.0
22,20,3.0
6,20,5.0
21,20,5.0
23,20,2.0
27,20,3.0
22,20,5.0
23,20,4.0
20,20,5.0
4,20,5.0
28,20,2.0
7,20,4.0
24,20,2.0
5,20,4.0
3,20,3.0
27,20,5.0
14,20,3.0
6,20,3.0
14,20,4.0
19,20,1.0
24,20,2.0
4,20,3.0
30,20,2.0
7,20,3.0
20,20,3.0
19,20,2.0
22,20,2.0
30,20,5.0
16,20,1.0
29,20,1.0
25,20,4.0
13,20,4.0
23,20,4.0
28,20,3.0
5,20,4.0
28,20,5.0
28,20,4.0
10,20,4.0
24,20,5.0
13,20,3.0
19,20,5.0
18,20,5.0
16,20,3.0
30,20,3.0
5,20,2.0
7,20,3.0
3,20,3.0
7,20,5.0
5,20,4.0
27,20,5.0
27,20,4.0
6,20,5.0
21,20,4.0
19,20,4.0
6,20,1.0
26,20,4.0
5,20,3.0
12,20,3.0
26,20,2.0
18,20,5.0
13,20,5.0
21,20,3.0
19,20,4.0
30,20,3.0
28,20,5.0
15,20,5.0
24,20,2.0
18,20,4.0
26,20,4.0
29,20,4.0
26,20,4.0
17,20,3.0
5,20,4.0
27,20,5.0
14,20,5.0
15,20,4.0
20,20,1.0
12,20,4.0
30,20,4.0
18,20,5.0
13,20,2.0
26,20,4.0
26,20,5.0
23,20,4.0
29,20,5.0
10,20,2.0
15,20,5.0
18,20,4.0
21,20,4.0
17,20,4.0
18,20,3.0
11,20,3.0
7,20,3.0
7,20,3.0
18,20,3.0
11,20,3.0
20,20,2.0
9,20,4.0
8,20,3.0
5,20,3.0
22,20,3.0
21,20,2.0
3,20,4.0
26,20,1.0
6,20,3.0
21,20,4.0
30,20,3.0
9,20,1.0
15,20,4.0
26,20,2.0
3,20,3.0
14,20,4.0
7,20,3.0
21,20,4.0
21,20,2.0
27,20,3.0
19,20,3.0
20,20,3.0
8,20,3.0
9,20,4.0
14,20,4.0
13,20,4.0
27,20,5.0
14,20,3.0
17,20,3.0
30,20,4.0
24,20,5.0
27,20,4.0
13,20,3.0
7,20,4.0
23,20,4.0
27,20,4.0
23,20,4.0
22,20,5.0
28,20,5.0
22,20,3.0
12,20,1.0
17,20,5.0
18,20,3.0
5,20,3.0
13,20,3.0
3,20,3.0
30,20,1.0
11,20,2.0
13,20,4.0
11,20,1.0
5,20,2.0
9,20,5.0
3,20,4.0
10,20,3.0
9,20,4.0
8,20,4.0
9,20,4.0
17,20,5.0
7,20,3.0
28,20,4.0
19,20,1.0
8,20,3.0
13,20,3.0
18,20,3.0
11,20,4.0
20,20,3.0
23,20,4.0
9,20,1.0
16,20,4.0
23,20,5.0
21,20,5.0
7,20,4.0
24,20,3.0
10,20,5.0
25,20,5.0
23,20,2.0
18,20,2.0
11,20,5.0
8,20,4.0
29,20,4.0
3,20,4.0
19,20,5.0
20,20,3.0
22,20,3.0
16,20,4.0
5,20,3.0
23,20,1.0
20,20,1.0
21,20,4.0
4,20,3.0
4,20,4.0
24,20,3.0
26,20,4.0
9,20,2.0
23,20,4.0
12,20,3.0
30,20,4.0
14,20,2.0
14,20,4.0
23,20,4.0
22,20,4.0
11,20,4.0
28,20,4.0
4,20,5.0
15,20,1.0
6,20,3.0
14,20,3.0
6,20,4.0
28,20,3.0
6,20,2.0
8,20,5.0
23,20,2.0
30,20,4.0
18,20,5.0
7,20,3.0
21,20,5.0
8,20,3.0
30,20,5.0
11,20,4.0
22,20,4.0
12,20,4.0
14,20,4.0
25,20,3.0
15,20,2.0
25,20,4.0
3,20,5.0
8,21,1.0
29,21,4.0
20,21,5.0
18,21,2.0
24,21,3.0
22,21,3.0
25,21,2.0
14,21,5.0
8,21,2.0
19,21,2.0
22,21,4.0
17,21,5.0
11,21,4.0
8,21,5.0
29,21,4.0
15,21,2.0
21,21,3.0
5,21,5.0
12,21,4.0
28,21,4.0
23,21,5.0
30,21,3.0
4,21,4.0
25,21,3.0
20,21,4.0
25,21,2.0
14,21,4.0
18,21,4.0
4,21,4.0
16,21,3.0
7,21,2.0
30,21,3.0
25,21,5.0
20,21,2.0
21,21,5.0
11,21,5.0
7,21,4.0
16,21,4.0
11,21,5.0
3,21,2.0
15,21,4.0
25,21,5.0
26,21,3.0
15,21,4.0
3,21,4.0
9,21,1.0
21,21,3.0
25,21,1.0
20,21,5.0
5,21,5.0
15,21,4.0
3,21,2.0
26,21,3.0
7,21,4.0
23,21,4.0
4,21,3.0
15,21,5.0
4,21,4.0
14,21,3.0
8,21,5.0
12,21,5.0
22,21,4.0
16,21,3.0
20,21,5.0
12,21,5.0
3,21,3.0
28,21,3.0
3,21,4.0
6,21,2.0
14,21,4.0
13,21,3.0
5,21,5.0
30,21,5.0
13,21,2.0
7,21,5.0
26,21,4.0
8,21,3.0
14,21,5.0
19,21,4.0
30,21,4.0
20,21,4.0
10,21,2.0
28,21,4.0
21,21,4.0
4,21,4.0
25,21,1.0
3,21,3.0
18,21,5.0
23,21,5.0
18,21,5.0
14,21,5.0
5,21,2.0
29,21,4.0
6,21,2.0
11,21,1.0
20,21,4.0
13,21,4.0
20,21,2.0
29,21,3.0
29,21,1.0
27,21,3.0
16,21,4.0
14,21,5.0
28,21,4.0
30,21,4.0
27,21,4.0
16,21,1.0
20,21,3.0
10,21,5.0
9,21,3.0
26,21,5.0
27,21,4.0
14,21,3.0
14,21,3.0
12,21,5.0
15,21,3.0
18,21,4.0
26,21,5.0
3,21,2.0
27,21,5.0
12,21,4.0
6,21,1.0
17,21,1.0
15,21,5.0
6,21,1.0
21,21,5.0
11,21,2.0
9,21,5.0
4,21,4.0
29,21,4.0
28,21,4.0
6,21,3.0
10,21,4.0
7,21,5.0
9,21,3.0
26,21,4.0
13,21,4.0
15,21,2.0
13,21,4.0
11,21,4.0
3,21,4.0
5,21,4.0
12,21,5.0
7,21,5.0
18,21,3.0
10,21,1.0
14,21,3.0
7,21,3.0
29,21,1.0
5,21,3.0
16,21,5.0
12,21,2.0
30,21,3.0
3,21,3.0
6,21,3.0
9,21,2.0
9,21,2.0
14,21,3.0
19,21,4.0
18,21,3.0
11,21,3.0
28,21,3.0
21,21,3.0
15,21,4.0
4,21,5.0
7,21,4.0
11,21,4.0
4,21,4.0
7,21,4.0
30,21,3.0
26,21,1.0
27,21,4.0
15,21,3.0
24,21,5.0
14,21,2.0
7,21,4.0
5,21,3.0
4,21,4.0
27,21,3.0
21,21,5.0
30,21,3.0
8,21,3.0
11,21,4.0
23,21,4.0
30,21,4.0
22,21,3.0
14,21,4.0
25,21,3.0
22,21,3.0
12,21,2.0
30,21,3.0
8,21,5.0
8,21,3.0
4,21,4.0
28,21,5.0
30,21,4.0
21,21,4.0
18,21,4.0
25,21,3.0
13,21,4.0
30,21,3.0
7,21,4.0
24,21,4.0
5,21,4.0
16,21,5.0
25,21,3.0
9,21,4.0
3,21,5.0
5,21,2.0
29,21,4.0
4,21,3.0
26,21,3.0
24,21,4.0
27,21,3.0
20,21,5.0
27,21,5.0
3,21,4.0
4,21,3.0
23,21,5.0
10,21,4.0
21,21,2.0
15,21,3.0
3,21,4.0
24,21,3.0
17,21,5.0
17,21,4.0
27,21,4.0
25,21,4.0
15,21,4.0
19,21,3.0
12,21,4.0
14,21,4.0
13,21,5.0
15,21,1.0
7,21,4.0
25,21,1.0
14,21,5.0
10,21,4.0
26,21,5.0
28,21,5.0
5,21,5.0
28,21,5.0
9,21,4.0
13,21,3.0
30,21,2.0
21,21,2.0
12,21,4.0
9,21,4.0
23,21,4.0
6,21,3.0
25,21,2.0
9,21,4.0
17,21,2.0
11,21,3.0
6,21,4.0
25,21,4.0
24,21,3.0
24,21,4.0
5,21,4.0
23,21,3.0
13,21,5.0
23,21,1.0
8,21,5.0
21,21,1.0
8,21,3.0
13,21,1.0
17,21,4.0
11,21,3.0
25,21,3.0
17,21,4.0
6,21,3.0
16,21,2.0
18,21,5.0
8,21,5.0
24,21,3.0
4,21,1.0
4,21,4.0
17,21,3.0
30,21,4.0
24,21,1.0
8,21,3.0
13,21,3.0
14,21,5.0
30,21,5.0
30,21,2.0
25,21,5.0
3,21,2.0
9,21,4.0
17,21,3.0
5,21,4.0
7,21,5.0
27,21,4.0
26,21,3.0
30,21,3.0
28,21,2.0
9,21,4.0
13,21,1.0
17,21,3.0
14,21,5.0
11,21,4.0
10,21,4.0
30,21,3.0
20,21,3.0
8,21,4.0
14,21,5.0
11,21,4.0
11,21,3.0
21,21,4.0
21,21,2.0
13,21,4.0
6,21,4.0
26,21,4.0
10,21,5.0
6,21,3.0
29,21,5.0
26,21,5.0
30,21,2.0
25,21,5.0
21,21,4.0
20,21,5.0
21,21,4.0
30,21,3.0
12,21,4.0
10,21,3.0
17,21,3.0
10,21,4.0
3,21,5.0
20,21,3.0
18,21,3.0
16,21,1.0
4,21,3.0
29,21,4.0
16,21,5.0
9,21,4.0
4,21,4.0
26,21,3.0
28,21,3.0
25,21,4.0
16,21,5.0
27,21,5.0
13,21,3.0
26,21,5.0
23,21,5.0
24,21,1.0
22,21,4.0
6,21,4.0
17,21,1.0
8,21,2.0
27,21,2.0
4,21,4.0
10,21,1.0
5,21,1.0
20,21,4.0
12,21,4.0
30,21,3.0
14,21,4.0
12,21,4.0
25,21,4.0
16,21,4.0
5,21,1.0
12,21,4.0
5,21,5.0
16,21,4.0
7,21,1.0
29,21,3.0
21,21,3.0
5,21,5.0
21,21,4.0
30,21,4.0
8,21,5.0
17,21,4.0
22,21,4.0
7,21,3.0
12,21,1.0
21,21,5.0
16,21,1.0
3,21,2.0
12,21,4.0
21,21,4.0
6,21,3.0
14,21,1.0
30,21,4.0
12,21,2.0
22,21,2.0
9,21,4.0
19,21,3.0
15,21,2.0
15,21,3.0
30,21,3.0
15,21,5.0
21,21,4.0
18,21,4.0
20,21,4.0
24,21,1.0
3,21,1.0
8,21,3.0
22,21,1.0
24,21,2.0
19,21,4.0
9,21,5.0
15,22,4.0
23,22,2.0
10,22,2.0
16,22,3.0
13,22,5.0
4,22,3.0
12,22,5.0
29,22,5.0
26,22,5.0
18,22,1.0
23,22,4.0
20,22,5.0
12,22,4.0
23,22,5.0
8,22,5.0
3,22,2.0
19,22,4.0
23,22,4.0
23,22,3.0
18,22,3.0
20,22,2.0
18,22,4.0
25,22,3.0
23,22,5.0
4,22,4.0
5,22,4.0
9,22,5.0
9,22,3.0
8,22,2.0
14,22,4.0
25,22,4.0
8,22,4.0
9,22,4.0
12,22,1.0
4,22,4.0
25,22,2.0
27,22,4.0
7,22,4.0
20,22,4.0
28,22,4.0
5,22,4.0
3,22,5.0
7,22,2.0
4,22,1.0
30,22,3.0
24,22,5.0
30,22,3.0
22,22,5.0
13,22,4.0
11,22,4.0
11,22,5.0
29,22,1.0
5,22,4.0
30,22,5.0
19,22,3.0
9,22,5.0
9,22,4.0
16,22,4.0
6,22,5.0
18,22,4.0
18,22,1.0
15,22,5.0
15,22,5.0
25,22,4.0
29,22,3.0
17,22,5.0
26,22,5.0
15,22,3.0
6,22,5.0
28,22,3.0
21,22,3.0
13,22,1.0
15,22,5.0
4,22,5.0
18,22,4.0
20,22,3.0
9,22,1.0
10,22,2.0
7,22,5.0
24,22,2.0
6,22,3.0
27,22,5.0
20,22,4.0
27,22,1.0
12,22,4.0
8,22,3.0
12,22,4.0
17,22,4.0
24,22,5.0
23,22,4.0
3,22,4.0
24,22,1.0
30,22,2.0
14,22,2.0
14,22,3.0
16,22,4.0
29,22,4.0
25,22,5.0
17,22,4.0
27,22,5.0
12,22,4.0
6,22,4.0
28,22,4.0
13,22,1.0
29,22,5.0
28,22,3.0
16,22,5.0
6,22,3.0
29,22,4.0
24,22,1.0
6,22,3.0
30,22,2.0
14,22,3.0
26,22,5.0
18,22,4.0
11,22,2.0
5,22,4.0
14,22,2.0
18,22,3.0
7,22,5.0
25,22,4.0
15,22,4.0
22,22,3.0
11,22,3.0
8,22,3.0
20,22,3.0
19,22,3.0
6,22,4.0
6,22,3.0
27,22,1.0
19,22,3.0
5,22,3.0
22,22,4.0
10,22,3.0
9,22,4.0
29,22,5.0
11,22,2.0
23,22,4.0
15,22,3.0
28,22,2.0
25,22,3.0
27,22,4.0
21,22,4.0
18,22,4.0
13,22,2.0
3,22,4.0
29,22,4.0
30,22,2.0
19,22,4.0
27,22,4.0
24,22,4.0
17,22,2.0
3,22,3.0
30,22,5.0
29,22,5.0
30,22,2.0
23,22,4.0
10,22,4.0
6,22,4.0
7,22,4.0
22,22,3.0
6,22,5.0
5,22,3.0
21,22,3.0
9,22,3.0
12,22,4.0
28,22,4.0
8,22,1.0
22,22,4.0
30,22,4.0
22,22,3.0
18,22,4.0
23,22,5.0
10,22,4.0
8,22,4.0
25,22,2.0
11,22,4.0
19,22,3.0
10,22,4.0
17,22,5.0
29,22,5.0
28,22,4.0
5,22,4.0
15,22,3.0
8,22,3.0
9,22,5.0
4,22,2.0
24,22,2.0
20,22,3.0
24,22,3.0
30,22,4.0
14,22,5.0
5,22,3.0
21,22,2.0
23,22,4.0
5,22,2.0
22,22,5.0
4,22,3.0
25,22,3.0
3,22,5.0
19,22,3.0
10,22,4.0
9,22,4.0
11,22,2.0
18,22,5.0
11,22,4.0
12,22,3.0
12,22,4.0
29,22,5.0
9,22,4.0
10,22,4.0
26,22,3.0
13,22,4.0
21,22,3.0
30,22,1.0
12,22,4.0
30,22,3.0
18,22,4.0
17,22,3.0
9,22,4.0
25,22,2.0
25,22,3.0
8,22,3.0
18,22,5.0
26,22,5.0
12,22,1.0
18,22,5.0
19,22,3.0
28,22,4.0
10,22,2.0
14,22,4.0
23,22,4.0
22,22,2.0
8,22,5.0
13,22,5.0
29,22,5.0
23,22,4.0
12,22,2.0
13,22,4.0
8,22,5.0
15,22,5.0
29,22,4.0
11,22,4.0
18,22,4.0
28,22,1.0
9,22,3.0
29,22,4.0
4,22,1.0
4,22,5.0
27,22,4.0
12,22,5.0
11,22,4.0
21,22,3.0
21,22,4.0
9,22,3.0
4,22,5.0
6,22,4.0
26,22,4.0
5,22,5.0
3,22,5.0
10,22,3.0
17,22,5.0
11,22,4.0
15,22,4.0
19,22,4.0
17,22,3.0
5,22,3.0
5,22,5.0
22,22,4.0
30,22,4.0
23,22,2.0
8,22,4.0
16,22,5.0
17,22,5.0
30,22,4.0
11,22,5.0
19,22,4.0
29,22,1.0
17,22,4.0
20,22,2.0
9,22,3.0
19,22,4.0
14,22,3.0
27,22,4.0
27,22,3.0
4,22,4.0
27,22,3.0
19,22,5.0
12,22,4.0
21,22,3.0
5,22,2.0
16,22,2.0
15,22,4.0
4,22,1.0
15,22,5.0
9,22,2.0
11,22,2.0
20,22,1.0
30,22,3.0
28,22,3.0
5,22,3.0
5,22,3.0
12,22,3.0
7,22,4.0
14,22,4.0
15,22,4.0
4,22,3.0
27,22,2.0
23,22,5.0
15,22,5.0
10,22,4.0
3,22,3.0
24,22,5.0
5,22,5.0
19,22,3.0
15,22,3.0
11,22,4.0
29,22,3.0
3,22,5.0
30,22,3.0
21,22,4.0
17,22,3.0
20,22,3.0
8,22,3.0
8,22,3.0
7,22,5.0
20,22,4.0
28,22,1.0
20,22,4.0
17,22,4.0
30,22,4.0
28,22,1.0
7,22,4.0
27,22,4.0
17,22,3.0
30,22,3.0
19,22,4.0
13,22,4.0
5,22,2.0
6,22,2.0
14,22,5.0
23,22,5.0
23,22,3.0
13,22,3.0
10,22,4.0
27,22,1.0
10,22,3.0
6,22,1.0
23,22,5.0
4,22,4.0
18,22,4.0
30,22,4.0
22,22,3.0
5,22,5.0
19,22,3.0
20,22,5.0
23,22,2.0
5,22,5.0
29,22,3.0
18,22,3.0
11,22,5.0
8,22,2.0
30,22,3.0
12,22,3.0
13,22,4.0
4,22,3.0
6,22,4.0
8,22,3.0
25,22,5.0
16,22,4.0
28,22,3.0
3,22,4.0
12,22,4.0
30,22,4.0
9,22,4.0
29,22,4.0
12,22,1.0
27,22,2.0
14,22,3.0
24,22,4.0
27,22,3.0
21,22,5.0
20,22,4.0
20,22,2.0
13,22,3.0
12,22,5.0
23,22,4.0
18,22,5.0
4,22,5.0
5,22,5.0
19,22,5.0
3,22,2.0
4,22,3.0
30,22,5.0
16,22,1.0
18,22,4.0
19,22,5.0
7,22,4.0
11,22,4.0
18,22,5.0
17,23,5.0
25,23,2.0
22,23,2.0
18,23,3.0
19,23,4.0
26,23,4.0
18,23,5.0
24,23,1.0
17,23,2.0
14,23,4.0
19,23,2.0
21,23,1.0
21,23,5.0
14,23,2.0
22,23,4.0
5,23,4.0
30,23,5.0
13,23,4.0
22,23,4.0
6,23,5.0
15,23,3.0
16,23,3.0
4,23,5.0
13,23,3.0
9,23,5.0
16,23,4.0
21,23,3.0
25,23,4.0
23,23,1.0
29,23,3.0
28,23,4.0
8,23,5.0
17,23,1.0
3,23,3.0
24,23,5.0
14,23,5.0
12,23,3.0
21,23,4.0
14,23,1.0
23,23,3.0
11,23,2.0
8,23,2.0
6,23,5.0
6,23,5.0
13,23,3.0
26,23,3.0
30,23,4.0
20,23,5.0
3,23,4.0
29,23,4.0
11,23,4.0
24,23,3.0
9,23,4.0
3,23,3.0
9,23,3.0
26,23,2.0
18,23,4.0
19,23,5.0
27,23,4.0
23,23,5.0
22,23,5.0
9,23,5.0
6,23,1.0
25,23,3.0
8,23,4.0
3,23,5.0
16,23,3.0
8,23,3.0
16,23,1.0
11,23,4.0
13,23,3.0
12,23,4.0
29,23,1.0
28,23,4.0
26,23,3.0
7,23,5.0
30,23,4.0
7,23,3.0
9,23,4.0
20,23,3.0
8,23,5.0
6,23,4.0
27,23,2.0
12,23,4.0
27,23,2.0
27,23,3.0
20,23,3.0
26,23,5.0
14,23,4.0
15,23,5.0
5,23,4.0
12,23,4.0
13,23,2.0
24,23,2.0
15,23,4.0
8,23,4.0
18,23,3.0
23,23,5.0
17,23,2.0
23,23,4.0
19,23,4.0
3,23,2.0
11,23,3.0
9,23,2.0
29,23,3.0
19,23,4.0
10,23,2.0
15,23,5.0
16,23,3.0
21,23,2.0
11,23,5.0
27,23,4.0
13,23,2.0
13,23,1.0
13,23,3.0
8,23,4.0
24,23,2.0
13,23,3.0
27,23,4.0
26,23,4.0
23,23,1.0
3,23,3.0
24,23,4.0
23,23,4.0
21,23,3.0
30,23,5.0
14,23,5.0
9,23,4.0
11,23,4.0
28,23,5.0
6,23,2.0
26,23,5.0
7,23,4.0
20,23,5.0
18,23,3.0
19,23,2.0
22,23,5.0
27,23,4.0
24,23,3.0
16,23,4.0
13,23,3.0
11,23,2.0
15,23,3.0
24,23,5.0
24,23,5.0
9,23,5.0
27,23,3.0
15,23,5.0
15,23,5.0
3,23,5.0
6,23,4.0
15,23,5.0
30,23,2.0
6,23,3.0
10,23,3.0
11,23,5.0
8,23,3.0
19,23,3.0
12,23,5.0
24,23,5.0
12,23,3.0
3,23,5.0
26,23,1.0
24,23,4.0
5,23,4.0
20,23,5.0
7,23,4.0
17,23,4.0
27,23,3.0
9,23,3.0
23,23,2.0
21,23,4.0
17,23,5.0
7,23,4.0
12,23,3.0
7,23,5.0
9,23,5.0
28,23,5.0
19,23,3.0
21,23,4.0
8,23,2.0
6,23,4.0
4,23,4.0
15,23,5.0
27,23,4.0
21,23,5.0
29,23,3.0
29,23,3.0
22,23,2.0
16,23,3.0
3,23,3.0
18,23,4.0
15,23,4.0
24,23,3.0
18,23,3.0
24,23,4.0
18,23,2.0
29,23,5.0
13,23,4.0
5,23,4.0
19,23,4.0
30,23,3.0
9,23,5.0
16,23,5.0
17,23,4.0
10,23,5.0
11,23,5.0
27,23,3.0
14,23,2.0
30,23,3.0
18,23,3.0
30,23,4.0
6,23,4.0
20,23,4.0
6,23,5.0
13,23,2.0
29,23,4.0
8,23,4.0
10,23,4.0
27,23,3.0
23,23,3.0
11,23,4.0
28,23,3.0
8,23,5.0
27,23,3.0
10,23,4.0
17,23,1.0
3,23,4.0
17,23,3.0
12,23,3.0
16,23,3.0
4,23,2.0
17,23,3.0
10,23,2.0
30,23,4.0
17,23,1.0
19,23,3.0
13,23,5.0
26,23,3.0
19,23,4.0
9,23,4.0
16,23,5.0
21,23,4.0
15,23,5.0
6,23,2.0
25,23,2.0
23,23,4.0
5,23,4.0
13,23,2.0
18,23,4.0
8,23,5.0
10,23,3.0
24,23,1.0
30,23,3.0
16,23,5.0
12,23,4.0
29,23,1.0
7,23,5.0
21,23,5.0
19,23,4.0
30,23,3.0
9,23,2.0
22,23,5.0
28,23,4.0
21,23,4.0
22,23,3.0
21,23,5.0
18,23,3.0
16,23,5.0
5,23,5.0
15,23,5.0
21,23,3.0
13,23,5.0
23,23,5.0
19,23,2.0
20,23,1.0
28,23,3.0
20,23,4.0
30,23,5.0
5,23,1.0
17,23,3.0
15,23,5.0
5,23,5.0
18,23,1.0
5,23,5.0
18,23,2.0
29,23,2.0
8,23,1.0
30,23,3.0
27,23,1.0
27,23,4.0
12,23,3.0
6,23,5.0
29,23,5.0
19,23,4.0
14,23,2.0
13,23,3.0
29,23,3.0
16,23,3.0
22,23,3.0
21,23,1.0
13,23,4.0
9,23,4.0
6,23,5.0
24,23,3.0
17,23,4.0
22,23,3.0
28,23,3.0
12,23,5.0
10,23,3.0
10,23,3.0
29,23,2.0
17,23,4.0
24,23,3.0
30,23,2.0
24,23,3.0
18,23,3.0
24,23,3.0
12,23,4.0
26,23,2.0
29,23,4.0
30,23,3.0
13,23,5.0
29,23,3.0
29,23,3.0
23,23,2.0
27,23,3.0
30,23,4.0
22,23,2.0
23,23,3.0
11,23,2.0
18,23,4.0
5,23,4.0
15,23,4.0
26,23,3.0
15,23,3.0
10,23,4.0
28,23,5.0
29,23,4.0
12,23,5.0
17,23,3.0
27,23,4.0
16,23,5.0
20,23,3.0
7,23,3.0
14,23,2.0
3,23,2.0
16,23,5.0
19,23,5.0
21,23,4.0
18,23,4.0
27,23,2.0
14,23,3.0
3,23,2.0
19,23,4.0
12,23,3.0
20,23,5.0
9,23,5.0
24,23,3.0
9,23,5.0
4,23,3.0
9,23,3.0
27,23,4.0
30,23,2.0
27,23,1.0
16,23,2.0
22,23,4.0
15,23,4.0
4,23,1.0
18,23,3.0
12,23,5.0
27,23,5.0
25,23,3.0
7,23,5.0
22,23,4.0
22,23,1.0
19,23,5.0
26,23,5.0
23,23,4.0
26,23,4.0
30,23,4.0
3,23,2.0
11,23,1.0
18,23,3.0
12,23,3.0
14,23,5.0
6,23,3.0
9,23,4.0
24,23,5.0
6,23,5.0
11,23,2.0
6,23,2.0
29,23,1.0
13,23,5.0
23,23,5.0
14,23,1.0
20,23,3.0
8,23,3.0
10,23,4.0
9,23,4.0
24,24,4.0
8,24,4.0
9,24,2.0
10,24,3.0
18,24,4.0
7,24,3.0
5,24,5.0
12,24,2.0
18,24,3.0
19,24,4.0
24,24,2.0
23,24,2.0
10,24,5.0
13,24,4.0
26,24,1.0
8,24,4.0
26,24,5.0
4,24,5.0
3,24,3.0
26,24,4.0
9,24,4.0
20,24,4.0
23,24,2.0
14,24,4.0
27,24,3.0
12,24,4.0
28,24,1.0
16,24,5.0
19,24,5.0
14,24,4.0
20,24,4.0
10,24,3.0
13,24,2.0
28,24,3.0
3,24,4.0
26,24,2.0
25,24,5.0
27,24,4.0
22,24,4.0
28,24,3.0
9,24,3.0
4,24,2.0
24,24,4.0
9,24,4.0
8,24,5.0
29,24,4.0
24,24,5.0
10,24,4.0
14,24,5.0
30,24,3.0
29,24,4.0
3,24,5.0
27,24,5.0
25,24,3.0
8,24,4.0
9,24,5.0
19,24,4.0
30,24,4.0
5,24,5.0
27,24,5.0
9,24,5.0
16,24,5.0
22,24,5.0
23,24,4.0
17,24,4.0
30,24,4.0
21,24,2.0
30,24,2.0
7,24,3.0
11,24,5.0
8,24,5.0
22,24,4.0
16,24,1.0
30,24,3.0
28,24,5.0
7,24,3.0
20,24,4.0
15,24,5.0
26,24,4.0
26,24,4.0
13,24,4.0
5,24,4.0
8,24,5.0
27,24,4.0
7,24,4.0
5,24,4.0
4,24,4.0
23,24,4.0
8,24,1.0
17,24,5.0
6,24,3.0
7,24,3.0
6,24,4.0
4,24,5.0
21,24,5.0
25,24,4.0
22,24,4.0
14,24,4.0
19,24,4.0
22,24,3.0
21,24,5.0
17,24,4.0
5,24,5.0
15,24,4.0
19,24,4.0
7,24,2.0
28,24,3.0
18,24,3.0
23,24,3.0
18,24,2.0
13,24,5.0
26,24,3.0
24,24,5.0
15,24,4.0
14,24,4.0
25,24,3.0
5,24,1.0
11,24,3.0
3,24,4.0
24,24,2.0
21,24,3.0
13,24,3.0
10,24,5.0
21,24,4.0
15,24,1.0
30,24,4.0
11,24,3.0
16,24,4.0
9,24,1.0
3,24,5.0
24,24,4.0
21,24,5.0
22,24,5.0
22,24,5.0
24,24,5.0
17,24,5.0
7,24,4.0
17,24,2.0
11,24,4.0
25,24,4.0
28,24,4.0
6,24,4.0
19,24,5.0
3,24,5.0
30,24,2.0
14,24,3.0
28,24,3.0
30,24,5.0
25,24,3.0
18,24,3.0
13,24,4.0
27,24,4.0
23,24,4.0
22,24,2.0
3,24,4.0
29,24,4.0
15,24,1.0
11,24,5.0
24,24,5.0
15,24,3.0
19,24,3.0
15,24,5.0
20,24,4.0
15,24,1.0
13,24,4.0
8,24,1.0
6,24,4.0
22,24,5.0
24,24,4.0
10,24,4.0
17,24,5.0
27,24,2.0
25,24,2.0
6,24,4.0
11,24,5.0
26,24,3.0
18,24,2.0
11,24,3.0
17,24,5.0
22,24,4.0
18,24,5.0
21,24,5.0
25,24,4.0
9,24,4.0
15,24,1.0
20,24,4.0
28,24,4.0
15,24,3.0
8,24,4.0
6,24,3.0
26,24,3.0
5,24,2.0
30,24,4.0
14,24,4.0
18,24,2.0
10,24,3.0
12,24,4.0
18,24,4.0
6,24,3.0
30,24,4.0
28,24,5.0
16,24,4.0
23,24,3.0
26,24,5.0
6,24,3.0
3,24,5.0
9,24,4.0
30,24,4.0
8,24,5.0
10,24,1.0
16,24,5.0
9,24,4.0
3,24,5.0
8,24,5.0
30,24,5.0
18,24,4.0
19,24,4.0
13,24,4.0
4,24,4.0
23,24,5.0
6,24,4.0
11,24,3.0
14,24,3.0
29,24,1.0
3,24,5.0
7,24,4.0
3,24,1.0
26,24,5.0
30,24,2.0
14,24,3.0
19,24,5.0
6,24,4.0
6,24,4.0
25,24,5.0
12,24,4.0
20,24,5.0
14,24,4.0
11,24,3.0
24,24,3.0
15,24,3.0
10,24,3.0
9,24,5.0
10,24,3.0
24,24,3.0
4,24,5.0
16,24,2.0
27,24,4.0
19,24,5.0
27,24,5.0
7,24,2.0
19,24,3.0
18,24,4.0
3,24,4.0
15,24,3.0
10,24,3.0
21,24,4.0
3,24,4.0
30,24,5.0
8,24,4.0
14,24,5.0
22,24,4.0
3,24,5.0
4,24,3.0
27,24,5.0
5,24,3.0
24,24,5.0
29,24,4.0
18,24,3.0
30,24,5.0
28,24,4.0
3,24,1.0
24,24,4.0
17,24,2.0
7,24,5.0
5,24,3.0
22,24,3.0
19,24,3.0
11,24,5.0
26,24,2.0
14,24,4.0
5,24,3.0
14,24,3.0
19,24,4.0
17,24,3.0
23,24,1.0
13,24,4.0
20,24,5.0
29,24,5.0
14,24,3.0
12,24,2.0
27,24,4.0
25,24,4.0
19,24,5.0
27,24,4.0
28,24,5.0
26,24,2.0
27,24,4.0
20,24,3.0
15,24,5.0
5,24,5.0
22,24,3.0
29,24,4.0
20,24,4.0
14,24,3.0
19,24,5.0
13,24,4.0
24,24,4.0
14,24,5.0
16,24,1.0
19,24,3.0
3,24,2.0
16,24,5.0
25,24,2.0
10,24,3.0
5,24,1.0
10,24,4.0
23,24,4.0
5,24,3.0
23,24,5.0
17,24,5.0
23,24,4.0
9,24,3.0
16,24,5.0
30,24,5.0
22,24,5.0
23,24,5.0
14,24,3.0
4,24,5.0
27,24,5.0
18,24,5.0
12,24,1.0
19,24,4.0
3,24,3.0
6,24,3.0
6,24,4.0
28,24,5.0
28,24,3.0
30,24,5.0
9,24,4.0
8,24,4.0
21,24,1.0
10,24,5.0
20,24,5.0
20,24,5.0
6,24,5.0
24,24,1.0
7,24,4.0
5,24,4.0
11,24,5.0
21,24,4.0
22,24,5.0
25,24,5.0
11,24,4.0
12,24,4.0
9,24,4.0
25,24,4.0
27,24,3.0
10,24,4.0
30,24,3.0
8,24,5.0
30,24,5.0
14,24,5.0
17,24,5.0
14,24,2.0
30,24,3.0
6,24,3.0
22,24,4.0
22,24,1.0
21,24,3.0
25,24,2.0
25,24,3.0
7,24,4.0
7,24,4.0
28,24,3.0
28,24,2.0
20,24,2.0
21,24,5.0
6,24,3.0
22,24,3.0
3,24,5.0
22,24,3.0
21,24,2.0
16,24,1.0
21,24,4.0
29,24,1.0
10,24,5.0
21,24,5.0
8,24,4.0
7,24,4.0
25,24,3.0
8,24,5.0
13,24,4.0
25,24,4.0
17,24,3.0
19,24,5.0
11,24,4.0
29,24,5.0
18,24,3.0
11,24,4.0
20,24,5.0
5,25,3.0
7,25,3.0
24,25,1.0
12,25,3.0
30,25,4.0
7,25,5.0
11,25,2.0
22,25,4.0
23,25,5.0
24,25,2.0
30,25,3.0
21,25,4.0
23,25,4.0
5,25,4.0
4,25,5.0
14,25,5.0
15,25,2.0
18,25,3.0
18,25,2.0
7,25,3.0
11,25,4.0
4,25,4.0
9,25,3.0
8,25,3.0
3,25,1.0
10,25,2.0
16,25,5.0
26,25,5.0
9,25,5.0
25,25,1.0
26,25,4.0
17,25,4.0
28,25,5.0
25,25,4.0
14,25,3.0
24,25,4.0
16,25,4.0
30,25,5.0
21,25,4.0
16,25,3.0
7,25,5.0
7,25,5.0
5,25,3.0
9,25,5.0
23,25,5.0
8,25,3.0
20,25,3.0
6,25,4.0
23,25,5.0
3,25,3.0
3,25,4.0
19,25,3.0
9,25,2.0
7,25,3.0
13,25,1.0
10,25,5.0
6,25,2.0
12,25,4.0
8,25,2.0
6,25,4.0
29,25,3.0
8,25,4.0
8,25,4.0
17,25,2.0
18,25,3.0
19,25,4.0
22,25,3.0
6,25,5.0
19,25,2.0
28,25,3.0
24,25,3.0
6,25,3.0
9,25,4.0
13,25,2.0
3,25,5.0
23,25,5.0
10,25,2.0
17,25,2.0
19,25,4.0
27,25,4.0
18,25,4.0
17,25,4.0
21,25,4.0
11,25,3.0
3,25,4.0
3,25,4.0
24,25,4.0
9,25,3.0
11,25,3.0
26,25,5.0
28,25,3.0
3,25,4.0
17,25,4.0
21,25,5.0
13,25,5.0
30,25,4.0
15,25,4.0
15,25,4.0
24,25,1.0
26,25,4.0
21,25,5.0
15,25,4.0
14,25,3.0
27,25,5.0
7,25,3.0
26,25,3.0
4,25,3.0
18,25,4.0
26,25,3.0
28,25,4.0
26,25,4.0
15,25,4.0
7,25,5.0
17,25,2.0
15,25,4.0
12,25,5.0
11,25,3.0
28,25,1.0
3,25,2.0
10,25,4.0
11,25,5.0
18,25,3.0
26,25,4.0
12,25,2.0
14,25,5.0
27,25,1.0
9,25,3.0
28,25,4.0
27,25,2.0
9,25,3.0
9,25,3.0
4,25,4.0
6,25,4.0
3,25,1.0
14,25,4.0
9,25,5.0
11,25,2.0
15,25,5.0
29,25,5.0
24,25,5.0
12,25,2.0
6,25,3.0
20,25,5.0
4,25,5.0
27,25,5.0
18,25,4.0
6,25,4.0
13,25,4.0
22,25,4.0
25,25,3.0
5,25,5.0
16,25,4.0
27,25,4.0
29,25,4.0
29,25,3.0
12,25,3.0
7,25,5.0
3,25,4.0
18,25,1.0
27,25,4.0
27,25,3.0
14,25,3.0
30,25,4.0
10,25,3.0
7,25,4.0
7,25,2.0
10,25,5.0
26,25,4.0
4,25,2.0
15,25,4.0
20,25,4.0
11,25,2.0
20,25,3.0
22,25,4.0
22,25,5.0
27,25,4.0
30,25,4.0
22,25,2.0
19,25,3.0
9,25,5.0
30,25,4.0
25,25,1.0
6,25,4.0
16,25,3.0
28,25,5.0
26,25,5.0
5,25,5.0
27,25,4.0
16,25,4.0
21,25,3.0
16,25,3.0
21,25,3.0
17,25,3.0
10,25,4.0
10,25,4.0
29,25,4.0
22,25,5.0
17,25,4.0
8,25,4.0
28,25,5.0
19,25,5.0
4,25,1.0
28,25,4.0
13,25,3.0
20,25,4.0
4,25,4.0
21,25,3.0
22,25,4.0
19,25,3.0
18,25,3.0
29,25,4.0
12,25,3.0
14,25,1.0
13,25,2.0
9,25,3.0
14,25,3.0
18,25,3.0
3,25,2.0
13,25,2.0
4,25,4.0
16,25,4.0
18,25,4.0
9,25,4.0
12,25,3.0
16,25,4.0
23,25,4.0
8,25,5.0
14,25,3.0
18,25,5.0
14,25,2.0
10,25,5.0
19,25,4.0
8,25,4.0
29,25,3.0
25,25,2.0
28,25,3.0
30,25,5.0
18,25,2.0
22,25,5.0
15,25,3.0
10,25,3.0
7,25,4.0
15,25,4.0
24,25,2.0
3,25,3.0
4,25,5.0
27,25,2.0
29,25,4.0
19,25,4.0
6,25,3.0
29,25,4.0
24,25,4.0
13,25,3.0
24,25,4.0
17,25,3.0
30,25,5.0
24,25,5.0
23,25,5.0
20,25,5.0
27,25,4.0
14,25,4.0
7,25,4.0
15,25,4.0
29,25,5.0
17,25,3.0
15,25,4.0
27,25,5.0
16,25,2.0
26,25,1.0
22,25,3.0
24,25,4.0
20,25,5.0
20,25,3.0
30,25,2.0
20,25,4.0
6,25,1.0
27,25,4.0
24,25,3.0
11,25,5.0
3,25,4.0
26,25,3.0
25,25,5.0
3,25,5.0
3,25,4.0
22,25,4.0
7,25,1.0
28,25,3.0
25,25,4.0
26,25,3.0
25,25,4.0
25,25,3.0
22,25,4.0
15,25,1.0
29,25,5.0
21,25,4.0
19,25,1.0
10,25,3.0
22,25,2.0
4,25,4.0
30,25,5.0
29,25,3.0
26,25,4.0
6,25,3.0
8,25,4.0
8,25,4.0
4,25,4.0
22,25,5.0
6,25,4.0
22,25,1.0
19,25,4.0
22,25,5.0
30,25,3.0
24,25,5.0
30,25,5.0
30,25,5.0
22,25,5.0
29,25,3.0
6,25,3.0
16,25,4.0
15,25,3.0
20,25,2.0
18,25,3.0
22,25,4.0
25,25,3.0
14,25,5.0
17,25,3.0
8,25,2.0
18,25,4.0
17,25,5.0
10,25,3.0
13,25,3.0
17,25,4.0
23,25,2.0
9,25,3.0
28,25,3.0
3,25,3.0
3,25,2.0
6,25,4.0
17,25,4.0
3,25,3.0
17,25,5.0
3,25,2.0
8,25,4.0
22,25,5.0
20,25,3.0
17,25,5.0
14,25,2.0
26,25,5.0
14,25,2.0
4,25,5.0
16,25,5.0
5,25,3.0
27,25,5.0
16,25,4.0
3,25,3.0
7,25,3.0
5,25,2.0
17,25,4.0
22,25,3.0
7,25,5.0
26,25,4.0
26,25,4.0
7,25,4.0
13,25,5.0
23,25,3.0
8,25,4.0
26,25,4.0
6,25,4.0
20,25,4.0
22,25,2.0
20,25,5.0
6,25,5.0
4,25,3.0
10,25,3.0
24,25,3.0
24,25,3.0
14,25,4.0
29,25,4.0
19,25,4.0
17,25,5.0
16,25,3.0
22,25,5.0
24,25,5.0
24,25,1.0
21,25,4.0
19,25,5.0
25,25,2.0
16,25,4.0
22,25,3.0
27,25,4.0
11,25,4.0
6,25,1.0
23,25,3.0
9,25,4.0
27,25,3.0
25,25,3.0
29,25,4.0
19,25,3.0
20,25,5.0
26,25,5.0
